"table_name","formacao","confidence","notes"
"001_2011_08_agosto_previsão_de_conclusão_e_entrega_far_modelo",cabecalho_composto_1,high,""
"001_2012_02_fevereiro_base_pmcmv_relatorio_executivo_10_02_2012",sub_tabelas_1,high,""
"001_2012_03_marco_pmcmv_relatorio_executivo_27_03_2012___cópia",sub_tabelas_1,high,""
"001_2012_04_abril_cópia_de_pmcmv_relatorio_executivo_16_04_201",sub_tabelas_1,high,""
"001_2012_10_outubro_20121009_bases_relatório_executivo_0910201",bem_formada,high,""
"001_2012_10_outubro_20121009_bases_relatório_executivo_1610201",bem_formada,high,""
"001_2012_10_outubro_20121009_pmcmv_relatório_executivo_0910201",sub_tabelas_1,high,""
"001_2014_12_dezembro_rel_executivo_resumo_31122014_reprocessado",sub_tabelas_1,high,""
"011_12_dezembro_pmcmv_relatorio_executivo_31122011_base___cópi",bem_formada,high,""
"018_int040_ministeriocidades_far_caixa_empreendimentos_20181001",bem_formada,medium,inconsistência de tipos entre colunas
"01_2012_04_abril_cópia_de_pmcmv_relatorio_executivo_16_04_2012",sub_tabelas_1,high,""
"01_2012_05_maio_pmcmv_relatorio_executivo_31_05_2012__version_1",sub_tabelas_1,high,""
"01_2012_06_junho_pmcmv_relatorio_executivo_15_06_2012_corrigido",sub_tabelas_1,high,""
"01_2012_10_outubro_20121009_bases_relatório_executivo_09102012",bem_formada,high,""
"01_2012_10_outubro_20121009_bases_relatório_executivo_16102012",bem_formada,high,""
"01_2012_10_outubro_20121009_pmcmv_relatório_executivo_09102012",sub_tabelas_1,high,""
"024_10_snh_pmcmv_dados_prioritarios_da_entrega_da_unidade_af_bb",bem_formada,high,""
"11_12_dezembro_pmcmv_relatorio_executivo_31122011_base___cópia",bem_formada,high,""
"1_2012_04_abril_2012_04_18_pmcmv_relatorio_executivo_18_04_2012",sub_tabelas_1,high,""
"1_2018_int054_ministeriocidades_far_bb_empreendimentos_20180831",bem_formada,high,""
"202402_snh_pmcmv_dados_prioritarios_da_entrega_da_unidade_af_bb",bem_formada,high,""
"202406_snh_pmcmv_dados_prioritarios_da_entrega_da_unidade_af_bb",bem_formada,high,""
"202407_snh_pmcmv_dados_prioritarios_da_entrega_da_unidade_af_bb",bem_formada,high,""
"202408_snh_pmcmv_dados_prioritarios_da_entrega_da_unidade_af_bb",bem_formada,high,""
"202409_snh_pmcmv_dados_prioritarios_da_entrega_da_unidade_af_bb",bem_formada,high,""
"202411_snh_pmcmv_dados_prioritarios_da_entrega_da_unidade_af_bb",bem_formada,high,""
"202412_snh_pmcmv_dados_prioritarios_da_entrega_da_unidade_af_bb",bem_formada,high,""
"202501_snh_pmcmv_dados_prioritarios_da_entrega_da_unidade_af_bb",bem_formada,high,""
"202503_snh_pmcmv_dados_prioritarios_da_entrega_da_unidade_af_bb",bem_formada,high,""
"202504_snh_pmcmv_dados_prioritarios_da_entrega_da_unidade_af_bb",bem_formada,high,""
"202505_snh_pmcmv_dados_prioritarios_da_entrega_da_unidade_af_bb",bem_formada,high,""
"202506_snh_pmcmv_dados_prioritarios_da_entrega_da_unidade_af_bb",bem_formada,high,""
"202507_snh_pmcmv_dados_prioritarios_da_entrega_da_unidade_af_bb",bem_formada,high,""
"202508_snh_pmcmv_dados_prioritarios_da_entrega_da_unidade_af_bb",bem_formada,high,""
"202509_snh_pmcmv_dados_prioritarios_da_entrega_da_unidade_af_bb",bem_formada,high,""
"202510_snh_pmcmv_dados_prioritarios_da_entrega_da_unidade_af_bb",bem_formada,high,""
"202511_snh_pmcmv_dados_prioritarios_da_entrega_da_unidade_af_bb",bem_formada,high,""
"202512_snh_pmcmv_dados_prioritarios_da_entrega_da_unidade_af_bb",bem_formada,high,""
"202601_snh_pmcmv_dados_prioritarios_da_entrega_da_unidade_af_bb",bem_formada,high,""
"202602_snh_pmcmv_dados_prioritarios_da_entrega_da_unidade_af_bb",bem_formada,high,""
"202603_snh_pmcmv_dados_prioritarios_da_entrega_da_unidade_af_bb",bem_formada,high,""
_001_2012_01_janeiro_pmcmv_relatorio_executivo_31012012_base_bd,bem_formada,high,""
_001_2012_03_marco_pmcmv_relatorio_executivo_27_03_2012___cópi,sub_tabelas_1,high,""
_001_2012_04_abril_2012_04_18_5c_base_contratação_pf_18042012,bem_formada,high,""
_001_2012_11_novembro_sintese_20121128_evento_1_milhao_entregas,sub_tabelas_2,high,""
_001_2013_01___janeiro_pmcmv_relatório_executivo__31__01__2013,sub_tabelas_1,high,""
_001_2015_01_janeiro_rel_executivo_resumo_31012015_reprocessado,sub_tabelas_1,high,""
a_001_2010_09___setembro_2010_contratação_pf_total___06092010,bem_formada,high,""
a_001_2011_08_agosto_previsão_de_conclusão_e_entrega_far_mode,cabecalho_composto_1,high,""
a_001_2013_01___janeiro_pmcmv_relatório_executivo__31__01__201,sub_tabelas_1,high,""
aixa_001_2012_02_fevereiro_pmcmv_relatorio_executivo_17_02_2012,sub_tabelas_1,high,""
aixa_001_2012_02_fevereiro_pmcmv_relatorio_executivo_27_02_2012,sub_tabelas_1,high,""
aixa_001_2012_02_fevereiro_pmcmv_relatorio_executivo_29_02_2012,sub_tabelas_1,high,""
aixa_001_2013_02___fevereiro_bases_relatório_executivo_1502201,bem_formada,high,""
aixa_001_2013_02___fevereiro_bases_relatório_executivo_2802201,bem_formada,high,""
aixa_001_2013_02___fevereiro_pmcmv_relatório_executivo_1502201,sub_tabelas_1,high,""
aixa_001_2013_02___fevereiro_pmcmv_relatório_executivo_2802201,sub_tabelas_1,high,""
aixa_001_2014_12_dezembro_bases_relatório_executivo_31122014_v,bem_formada,high,""
aixa_001_2015_02_fevereiro_pmcmv_3_relatório_executivo_2802201,sub_tabelas_1,high,""
aixa_001_2015_11_novembro_pmcmv_3_relatório_executivo_30112015,sub_tabelas_1,high,""
aixa_001_2015_12_dezembro_bases_relatório_executivo_31122015v2,cabecalho_na_primeira_linha_1,high,""
aixa_001_2016_02_fevereiro_relatorio_cidades__entregas_20160229,bem_formada,high,""
aixa_002_2015_12_dezembro_pmcmv_3_relatório_executivo_31122015,sub_tabelas_1,high,""
atorio_executivo_30092012_v3_bases_relatório_executivo_3009201,bem_formada,high,""
atorio_executivo_30092012_v3_pmcmv_relatório_executivo_3009201,sub_tabelas_1,high,""
b_2012_04_abril_cópia_de_rel_min_cidades_valores_25_04_2012_bd,cabecalho_composto_2,medium,""
bb_2011_01_janeiro_rel_11jan2011,sub_tabelas_3,high,""
bb_2011_01_janeiro_rel_25jan2011,sub_tabelas_3,high,""
bb_2011_02_fevereiro_dados_22022011,cabecalho_na_primeira_linha_2,high,""
bb_2011_02_fevereiro_relatório_mcmv_bb_01_02_2011,sub_tabelas_3,high,""
bb_2011_02_fevereiro_relatório_mcmv_bb_08_02_2011,sub_tabelas_3,high,""
bb_2011_02_fevereiro_relatório_mcmv_bb_16_02_2011,sub_tabelas_3,high,""
bb_2011_03_março_relatorio_min_cidades___22mar11,sub_tabelas_3,high,""
bb_2011_04_abril_relatorio_min_cidades___18abr11,sub_tabelas_3,high,""
bb_2011_04_abril_relatorio_min_cidades___26abr11,sub_tabelas_3,high,""
bb_2011_05_maio_relatorio_min_cidades___03mai11,sub_tabelas_3,high,""
bb_2011_05_maio_relatorio_min_cidades___10mai11,sub_tabelas_3,high,""
bb_2011_05_maio_relatorio_min_cidades___17mai11,sub_tabelas_3,high,""
bb_2011_05_maio_relatorio_min_cidades___24mai11,sub_tabelas_3,high,""
bb_2011_06_junho_relatorio_min_cidades___07jun11,sub_tabelas_3,high,""
bb_2011_07_julho_relatorio_min__cidades_19jul11,sub_tabelas_3,high,""
bb_2011_07_julho_relatorio_min_cidades___12jul11,sub_tabelas_3,high,""
bb_2011_08_agosto_balanço_23_08_2011_min__planejamento,cabecalho_na_terceira_linha_2,high,""
bb_2011_08_agosto_relatorio_min__cidades_16ago11,cabecalho_composto_2,medium,""
bb_2011_08_agosto_relatorio_min__cidades_30ago11,cabecalho_composto_2,medium,""
bb_2011_09_setembro_relatorio_min__cidades_13set11_2,cabecalho_composto_2,medium,""
bb_2011_10_outubro_relatorio_min__cidades_04out11,cabecalho_composto_2,medium,""
bb_2011_10_outubro_relatorio_min__cidades_11out11,cabecalho_composto_2,medium,""
bb_2011_10_outubro_relatorio_min__cidades_18out11,cabecalho_composto_2,medium,""
bb_2011_10_outubro_relatorio_min__cidades_25out11,cabecalho_composto_2,medium,""
bb_2012_01_janeiro_relatorio_min__cidades_17jan12,cabecalho_composto_2,medium,""
bb_2012_01_janeiro_relatorio_min__cidades_24jan12,cabecalho_composto_2,medium,""
bb_2012_01_janeiro_relatorio_min__cidades_31_01_2012,cabecalho_composto_2,medium,""
bb_2012_01_janeiro_relatorio_min_cidades_03_jan_12,cabecalho_composto_2,medium,""
bb_2012_02_fevereiro_relatorio_min__cidades_06_02_2012,cabecalho_composto_2,medium,""
bb_2012_02_fevereiro_relatorio_min__cidades_28_02_2012,cabecalho_composto_2,medium,""
bb_2012_03_março_relatorio_min__cidades_06_03_2012,cabecalho_composto_2,medium,""
bb_2012_03_março_relatorio_min__cidades_13_03_2012,cabecalho_composto_2,medium,""
bb_2012_03_março_relatorio_min__cidades_20_03_2012,cabecalho_composto_2,medium,""
bb_2012_03_março_relatorio_min__cidades_27_03_2012,cabecalho_composto_2,medium,""
bb_2012_04_abril_cópia_de_rel_min_cidades_valores_25_04_2012_b,cabecalho_composto_2,medium,""
bb_2012_04_abril_rel_min_cidades_valores_25_04_2012,cabecalho_composto_2,medium,""
bb_2012_04_abril_rel_min_cidades_valores_25_04_2012_bd,cabecalho_composto_2,medium,""
bb_2012_04_abril_relatorio_min__cidades_03_04_2012,cabecalho_composto_2,medium,""
bb_2012_05_maio_relatorio_min__cidades_08_05_2012,cabecalho_composto_2,medium,""
bb_2012_05_maio_relatorio_min__cidades_08_05_2012_bd,cabecalho_composto_2,medium,""
bb_2012_05_maio_relatorio_min__cidades_15_05_2012,cabecalho_composto_2,medium,""
bb_2012_05_maio_relatorio_min__cidades_15_05_2012_bd,cabecalho_composto_2,medium,""
bb_2012_05_maio_relatorio_min__cidades_21_05_2012,cabecalho_composto_2,medium,""
bb_2012_05_maio_relatorio_min__cidades_21_05_2012___bd,cabecalho_composto_2,medium,""
bb_2012_05_maio_relatorio_min__cidades_28_05_2012,cabecalho_composto_2,medium,""
bb_2012_05_maio_relatorio_min__cidades_28_05_2012_ctr_caixa_bb,cabecalho_composto_2,medium,""
bb_2012_05_maio_relatorio_min__cidades_31_05_2012,cabecalho_composto_2,medium,""
bb_2012_05_maio_relatorio_min__cidades_31_05_2012_bd,cabecalho_composto_2,medium,""
bb_2012_05_maio_z_relatorio_caixa_3105a,bem_formada,high,""
bb_2012_06_junho_relatorio_min__cidades_04_06_2012,cabecalho_composto_2,medium,""
bb_2012_06_junho_relatorio_min__cidades_18_06_2012,cabecalho_composto_2,medium,""
bb_2012_06_junho_relatorio_min__cidades_18_06_2012_ret,cabecalho_composto_2,medium,""
bb_2012_06_junho_relatorio_min__cidades_26_06_2012,cabecalho_composto_2,medium,""
bb_2012_07_julho_relatorio_min__cidades_03_07_2012,cabecalho_composto_2,medium,""
bb_2012_07_julho_relatorio_min__cidades_09_07_2012,cabecalho_composto_2,medium,""
bb_2012_07_julho_relatorio_min__cidades_17_07_2012,cabecalho_composto_2,medium,""
bb_2012_07_julho_relatorio_min__cidades_24_07_2012,cabecalho_composto_2,medium,""
bb_2012_07_julho_relatorio_min__cidades_30_07_2012,cabecalho_composto_2,medium,""
bb_2012_08_agosto_relatorio_min__cidades_07_08_2012__1,cabecalho_composto_2,medium,""
bb_2012_08_agosto_relatorio_min__cidades_14_08_2012,cabecalho_composto_2,medium,""
bb_2012_08_agosto_relatorio_min__cidades_21_08_2012,cabecalho_composto_2,medium,""
bb_2012_08_agosto_relatorio_min__cidades_27_08_2012__1,cabecalho_composto_2,medium,""
bb_2012_08_agosto_relatorio_min__cidades_31_08_2012,cabecalho_composto_2,medium,""
bb_2012_09_setembro_relatorio_min__cidades_01_10_2012,cabecalho_composto_2,medium,""
bb_2012_09_setembro_relatorio_min__cidades_11_09_2012,cabecalho_composto_2,medium,""
bb_2012_10_outubro_entrada_bb_20121023,bem_formada,medium,inconsistência de tipos entre colunas
bb_2012_10_outubro_entrada_bb_20121031,bem_formada,medium,inconsistência de tipos entre colunas
bb_2012_10_outubro_entrada_bb_20121031_ajustada,bem_formada,medium,inconsistência de tipos entre colunas
bb_2012_10_outubro_relatorio_min__cidades_09_10_2012,cabecalho_composto_2,medium,""
bb_2012_10_outubro_relatorio_min__cidades_23_10_2012,cabecalho_composto_2,medium,""
bb_2012_11_novembro_entrada_bb_20121106,bem_formada,medium,inconsistência de tipos entre colunas
bb_2012_11_novembro_entrada_bb_20121113,bem_formada,medium,inconsistência de tipos entre colunas
bb_2012_11_novembro_entrada_bb_20121119,bem_formada,medium,inconsistência de tipos entre colunas
bb_2012_11_novembro_entrada_bb_20121127,bem_formada,medium,inconsistência de tipos entre colunas
bb_2012_11_novembro_entrada_bb_20121127v2,bem_formada,medium,inconsistência de tipos entre colunas
bb_2012_11_novembro_entrada_bb_20121130,bem_formada,medium,inconsistência de tipos entre colunas
bb_2012_12_dezembro_entrada_bb_20121210,bem_formada,medium,inconsistência de tipos entre colunas
bb_2012_12_dezembro_entrada_bb_20121217,bem_formada,medium,inconsistência de tipos entre colunas
bb_2012_12_dezembro_entrada_bb_20121228,bem_formada,medium,inconsistência de tipos entre colunas
bb_2013_01_janeiro_entrada_bb_20130107,bem_formada,medium,inconsistência de tipos entre colunas
bb_2013_01_janeiro_entrada_bb_20130113,bem_formada,medium,inconsistência de tipos entre colunas
bb_2013_01_janeiro_entrada_bb_20130121,bem_formada,medium,inconsistência de tipos entre colunas
bb_2013_01_janeiro_entrada_bb_20130128,bem_formada,medium,inconsistência de tipos entre colunas
bb_2013_02_fevereiro_entrada_bb_20130205,bem_formada,medium,inconsistência de tipos entre colunas
bb_2013_02_fevereiro_entrada_bb_20130219,bem_formada,medium,inconsistência de tipos entre colunas
bb_2013_02_fevereiro_entrada_bb_20130226,bem_formada,medium,inconsistência de tipos entre colunas
bb_2013_02_fevereiro_propostas_bb,cabecalho_composto_1,high,""
bb_2013_03_marco_entrada_bb_20130305,bem_formada,medium,inconsistência de tipos entre colunas
bb_2013_03_marco_entrada_bb_20130318,bem_formada,medium,inconsistência de tipos entre colunas
bb_2013_03_marco_entrada_bb_20130401,bem_formada,medium,inconsistência de tipos entre colunas
bb_2013_03_marco_entrada_bb_20130415,bem_formada,medium,inconsistência de tipos entre colunas
bb_2013_04_abril_entrada_bb_20130429,bem_formada,medium,inconsistência de tipos entre colunas
bb_2013_05_maio_entrada_bb_20130506,bem_formada,medium,inconsistência de tipos entre colunas
bb_2013_05_maio_entrada_bb_20130513,bem_formada,medium,inconsistência de tipos entre colunas
bb_2013_06_junho_entrada_bb_20130604,bem_formada,medium,inconsistência de tipos entre colunas
bb_2013_06_junho_entrada_bb_20130618,bem_formada,medium,inconsistência de tipos entre colunas
bb_2013_06_junho_entrada_bb_20130630,bem_formada,medium,inconsistência de tipos entre colunas
bb_2013_06_junho_pmcmv_18062013_tab_andamento_obras,vazia,low,diverge de referência autoritativa: era separador_|
bb_2013_06_junho_pmcmv_18062013_tab_arquivos_dados,dados_sem_utilidade,high,""
bb_2013_06_junho_pmcmv_18062013_tab_beneficiarios_fgts,bem_formada,high,""
bb_2013_06_junho_pmcmv_18062013_tab_caracterizacoes_entornos,vazia,low,diverge de referência autoritativa: era separador_|
bb_2013_06_junho_pmcmv_18062013_tab_contratos_pf_fgts,bem_formada,high,""
bb_2013_06_junho_pmcmv_18062013_tab_contratos_pj,vazia,low,diverge de referência autoritativa: era separador_|
bb_2013_06_junho_pmcmv_18062013_tab_empreendimentos,bem_formada,high,""
bb_2013_06_junho_pmcmv_18062013_tab_operacoes,bem_formada,high,""
bb_2013_06_junho_pmcmv_18062013_tab_proponentes,vazia,low,diverge de referência autoritativa: era separador_|
bb_2013_06_junho_pmcmv_18062013_tab_unidades_concluidas,vazia,low,diverge de referência autoritativa: era separador_|
bb_2013_07_julho_entrada_bb_20130716,bem_formada,medium,inconsistência de tipos entre colunas
bb_2013_08_agosto_entrada_bb_20130802,bem_formada,medium,inconsistência de tipos entre colunas
bb_2013_08_agosto_entrada_bb_20130819,bem_formada,medium,inconsistência de tipos entre colunas
bb_2013_08_agosto_entrada_bb_20130904,bem_formada,medium,inconsistência de tipos entre colunas
bb_2013_10_outubro_entrada_bb_20131105,bem_formada,medium,inconsistência de tipos entre colunas
bb_2013_11_novembro_entrada_bb_20131120,bem_formada,high,""
bb_2013_11_novembro_entrada_bb_20131204,bem_formada,high,""
bb_2013_12_dezembro_entrada_bb_20131218,bem_formada,high,""
bb_2013_12_dezembro_entrada_bb_20131223__aux_bb_far,bem_formada,high,""
bb_2013_12_dezembro_entrada_bb_20140102,bem_formada,high,""
bb_2014_01_janeiro_entrada_bb_20140116,bem_formada,high,""
bb_2014_02_fevereiro_entrada_bb_20140217,bem_formada,high,""
bb_2014_02_fevereiro_entrada_bb_20140306,bem_formada,high,""
bb_2014_03_marco_entrada_bb_20140401,bem_formada,high,""
bb_2014_04_abril_entrada_bb_20140415,bem_formada,high,""
bb_2014_04_abril_entrada_bb_20140430,bem_formada,high,""
bb_2014_05_maio_entrada_bb_20140516,bem_formada,high,""
bb_2014_05_maio_entrada_bb_20140530,bem_formada,high,""
bb_2014_06_junho_entrada_bb_20140615,bem_formada,high,""
bb_2014_06_junho_entrada_bb_20140625,bem_formada,high,""
bb_2014_06_junho_entrada_bb_20140701,bem_formada,high,""
bb_2014_07_julho_entrada_bb_20140731,bem_formada,high,""
bb_2014_08_agosto_entrada_bb_20140818_antigo,bem_formada,high,""
bb_2014_08_agosto_entrada_bb_20140829_antigo,bem_formada,high,""
bb_2014_09_setembro_entrada_bb_20140930,bem_formada,high,""
bb_2014_10_outubro_2014_10_30_min_cidades_pf_pf,bem_formada,high,""
bb_2014_10_outubro_2014_10_30_min_cidades_pj,bem_formada,high,""
bb_2014_10_outubro_2014_10_30_min_cidades_pj_pf,bem_formada,high,""
bb_2014_10_outubro_2014_10_30_pnhr_30102014,bem_formada,high,""
bb_2014_11_novembro_3011_min_cidades_pf_pf,bem_formada,high,""
bb_2014_11_novembro_3011_min_cidades_pj,bem_formada,high,""
bb_2014_11_novembro_3011_min_cidades_pj_pf,bem_formada,high,""
bb_2014_11_novembro_3011_pnhr_30112014,bem_formada,high,""
bb_2014_12_dezembro_min_cidades_pf_pf,bem_formada,high,""
bb_2014_12_dezembro_min_cidades_pj,bem_formada,high,""
bb_2014_12_dezembro_min_cidades_pj_pf,bem_formada,high,""
bb_2014_12_dezembro_pnhr_15122014,bem_formada,high,""
bb_2014_12_dezembro_pnhr_20141231,bem_formada,high,""
bb_2015_01_janeiro_2015_01_15_min_cidades_pf_pf,bem_formada,high,""
bb_2015_01_janeiro_2015_01_15_min_cidades_pj,bem_formada,high,""
bb_2015_01_janeiro_2015_01_15_min_cidades_pj_pf,bem_formada,high,""
bb_2015_01_janeiro_2015_01_15_pnhr_15012015,bem_formada,high,""
bb_2015_01_janeiro_2015_01_31_min_cidades_pf_pf,bem_formada,high,""
bb_2015_01_janeiro_2015_01_31_min_cidades_pj,bem_formada,high,""
bb_2015_01_janeiro_2015_01_31_min_cidades_pj_pf,bem_formada,high,""
bb_2015_02_fevereiro_min_cidades_pf_pf,bem_formada,high,""
bb_2015_02_fevereiro_min_cidades_pj,bem_formada,high,""
bb_2015_02_fevereiro_min_cidades_pj_2015_02,bem_formada,high,""
bb_2015_02_fevereiro_min_cidades_pj_pf,bem_formada,high,""
bb_2015_02_fevereiro_pnhr_28022015,bem_formada,high,""
bb_2015_03_marco_cgu_of_6263_tab_emp_20150831,vazia,high,""
bb_2015_03_marco_min_cidades_pf_pf,bem_formada,high,""
bb_2015_03_marco_min_cidades_pj,bem_formada,high,""
bb_2015_03_marco_min_cidades_pj_2015_03,bem_formada,high,""
bb_2015_03_marco_min_cidades_pj_pf,bem_formada,high,""
bb_2015_03_marco_pnhr_15032015,bem_formada,high,""
bb_2015_03_marco_pnhr_31032015,bem_formada,high,""
bb_2015_04_abril_min_cidades_pf_pf,bem_formada,high,""
bb_2015_04_abril_min_cidades_pj,bem_formada,high,""
bb_2015_04_abril_min_cidades_pj_pf,bem_formada,high,""
bb_2015_04_abril_pnhr_30042015,bem_formada,high,""
bb_2015_05_maio_2015_05_31_min_cidades_pf_pf,bem_formada,high,""
bb_2015_05_maio_2015_05_31_min_cidades_pj,bem_formada,high,""
bb_2015_05_maio_2015_05_31_min_cidades_pj_pf,bem_formada,high,""
bb_2015_06_junho_min_cidades_pf_pf,bem_formada,high,""
bb_2015_06_junho_min_cidades_pj,bem_formada,high,""
bb_2015_06_junho_min_cidades_pj_pf,bem_formada,high,""
bb_2015_08_agosto_loginfesta,dados_sem_utilidade,high,""
bb_2015_08_agosto_min_cidades_pf_pf,bem_formada,high,""
bb_2015_08_agosto_min_cidades_pj,bem_formada,high,""
bb_2015_08_agosto_min_cidades_pj_pf,bem_formada,high,""
bb_2015_08_agosto_min_cidades_pj_sem_aspas,bem_formada,high,""
bb_2015_09_setembro_min_cidades_pf_pf,bem_formada,high,""
bb_2015_09_setembro_min_cidades_pj,bem_formada,high,""
bb_2015_09_setembro_min_cidades_pj_pf,bem_formada,high,""
bb_2015_09_setembro_pnhr_30092015,bem_formada,high,""
bb_2015_10_outubro_min_cidades_pf_pf,bem_formada,high,""
bb_2015_10_outubro_min_cidades_pj,bem_formada,high,""
bb_2015_10_outubro_min_cidades_pj_pf,bem_formada,high,""
bb_2015_10_outubro_pnhr_31102015,bem_formada,high,""
bb_2015_12_dezembro_min_cidades_pf_pf,bem_formada,high,""
bb_2015_12_dezembro_min_cidades_pj,bem_formada,high,""
bb_2015_12_dezembro_min_cidades_pj_pf,bem_formada,high,""
bb_2015_12_dezembro_pnhr_31122015,bem_formada,high,""
bb_2016_01_janeiro_2016_01_31_min_cidades_pf_pf,bem_formada,high,""
bb_2016_01_janeiro_2016_01_31_min_cidades_pj,bem_formada,high,""
bb_2016_01_janeiro_2016_01_31_min_cidades_pj_pf,bem_formada,high,""
bb_2016_01_janeiro_pnhr_31012016,bem_formada,high,""
bb_2016_02_fevereiro_2016_02_29_min_cidades_pf_pf,bem_formada,high,""
bb_2016_02_fevereiro_2016_02_29_min_cidades_pj,bem_formada,high,""
bb_2016_02_fevereiro_2016_02_29_min_cidades_pj_pf,bem_formada,high,""
bb_2016_02_fevereiro_pnhr_29022016,bem_formada,high,""
bb_2016_04_abril_min_cidades_pf_pf,bem_formada,high,""
bb_2016_04_abril_min_cidades_pj,bem_formada,high,""
bb_2016_04_abril_min_cidades_pj_pf,bem_formada,high,""
bb_2016_04_abril_pnhr_30042016,bem_formada,high,""
bb_2016_05_maio_2016_05_31_min_cidades_pf_pf,bem_formada,high,""
bb_2016_05_maio_2016_05_31_min_cidades_pj,bem_formada,high,""
bb_2016_05_maio_2016_05_31_min_cidades_pj_pf,bem_formada,high,""
bb_2016_05_maio_pnhr_31052016,bem_formada,high,""
bb_2016_06_junho_2016_06_30_min_cidades_pf_pf,bem_formada,high,""
bb_2016_06_junho_2016_06_30_min_cidades_pj,bem_formada,high,""
bb_2016_06_junho_2016_06_30_min_cidades_pj_pf,bem_formada,high,""
bb_2016_06_junho_pnhr_30062016,bem_formada,high,""
bb_2016_07_julho_2016_07_31_min_cidades_pj,bem_formada,high,""
bb_2016_07_julho_min_cidades_pf_pf,bem_formada,high,""
bb_2016_07_julho_min_cidades_pj_pf,bem_formada,high,""
bb_2016_07_julho_pnhr_31072016,bem_formada,high,""
bb_2018_2018_04_06_pf_pf,bem_formada,high,""
bb_2018_2018_04_06_pj,bem_formada,high,""
bb_2018_2018_04_06_pj_pf,bem_formada,high,""
bb_2018_2018_05_10_pf_pf,bem_formada,high,""
bb_2018_2018_05_10_pj,bem_formada,high,""
bb_2018_2018_05_10_pj_pf,bem_formada,high,""
bb_2018_2018_06_10_pf_pf,bem_formada,high,""
bb_2018_2018_06_10_pj,bem_formada,high,""
bb_2018_2018_06_10_pj_pf,bem_formada,high,""
bb_2018_2018_07_03_pf_pf,bem_formada,high,""
bb_2018_2018_07_03_pj,bem_formada,high,""
bb_2018_2018_07_03_pj_pf,bem_formada,high,""
bb_2018_2018_07_03_pnhr_04072018,bem_formada,high,""
bb_2018_2018_08_06_pf_pf,bem_formada,high,""
bb_2018_2018_08_06_pj,bem_formada,high,""
bb_2018_2018_08_06_pj_pf,bem_formada,high,""
bb_2018_2018_09_10_pf_pf,bem_formada,high,""
bb_2018_2018_09_10_pj,bem_formada,high,""
bb_2018_2018_09_10_pj_pf,bem_formada,high,""
bb_2018_2018_10_01_pf_pf,bem_formada,high,""
bb_2018_2018_10_01_pj,bem_formada,high,""
bb_2018_2018_10_01_pj_pf,bem_formada,high,""
bb_2018_2018_10_30_pf_pf,bem_formada,high,""
bb_2018_2018_10_30_pj,bem_formada,high,""
bb_2018_2018_10_30_pj_pf,bem_formada,high,""
bb_2019_2019_03_07_pf_pf,bem_formada,high,""
bb_2019_2019_03_07_pj_pf,bem_formada,high,""
bb_2019_2019_05_07_2019_05_07_pj,sem_cabecalho,high,""
bb_2019_2019_05_07_pf_pf,sem_cabecalho,high,""
bb_2019_2019_05_07_pj_pf,sem_cabecalho,high,""
caixa_001_2009_06_junho_2009_pmcmv_09_06_09___caixa,sub_tabelas_1,high,""
caixa_001_2009_06_junho_2009_pmcmv_19_06_2009___caixa,sub_tabelas_1,high,""
caixa_001_2009_06_junho_2009_pmcmv_26_06_2009___caixa,sub_tabelas_1,high,""
caixa_001_2009_07_julho_2009_pmcmv_02_07_09___caixa,sub_tabelas_1,high,""
caixa_001_2009_07_julho_2009_pmcmv_10_07_2009___casa_civil,sub_tabelas_1,high,""
caixa_001_2009_07_julho_2009_pmcmv_17_07_2009___caixa,sub_tabelas_1,high,""
caixa_001_2009_07_julho_2009_pmcmv_24_07_2009___caixa,sub_tabelas_1,high,""
caixa_001_2009_07_julho_2009_pmcmv_31_07_2009___caixa,sub_tabelas_1,high,""
caixa_001_2009_08_agosto_2009_pmcmv_07_08_2009___caixa,sub_tabelas_1,high,""
caixa_001_2009_08_agosto_2009_pmcmv_14_08_2009___caixa,sub_tabelas_1,high,""
caixa_001_2009_08_agosto_2009_pmcmv_20_08_2009___caixa,sub_tabelas_1,high,""
caixa_001_2009_08_agosto_2009_pmcmv_28_08_2009___caixa,sub_tabelas_1,high,""
caixa_001_2009_09_setembro_2009_pmcmv_04_09_2009___caixa,sub_tabelas_1,high,""
caixa_001_2009_09_setembro_2009_pmcmv_11_09_2009___caixa,sub_tabelas_1,high,""
caixa_001_2009_09_setembro_2009_pmcmv_17_09_2009___caixa,sub_tabelas_1,high,""
caixa_001_2009_09_setembro_2009_pmcmv_25_09_2009___caixa,sub_tabelas_1,high,""
caixa_001_2009_10_outubro_2009_pmcmv_08_10_2009___caixa,sub_tabelas_3,high,""
caixa_001_2009_10_outubro_2009_pmcmv_09_10_2009___caixa,sub_tabelas_1,high,""
caixa_001_2009_10_outubro_2009_pmcmv_16_10_2009___caixa,sub_tabelas_1,high,""
caixa_001_2009_10_outubro_2009_pmcmv_23_10_2009___caixa,sub_tabelas_1,high,""
caixa_001_2009_10_outubro_2009_pmcmv_30_10_2009___caixa,sub_tabelas_1,high,""
caixa_001_2009_10_outubro_2009_pmcmv_gráfico,sub_tabelas_1,high,""
caixa_001_2009_11_novembro_2009_pmcmv_06_11_2009___caixa,sub_tabelas_1,high,""
caixa_001_2009_11_novembro_2009_pmcmv_16_11_2009,sub_tabelas_1,high,""
caixa_001_2009_11_novembro_2009_pmcmv_20_11_2009___caixa,sub_tabelas_1,high,""
caixa_001_2009_11_novembro_2009_pmcmv_30_11_2009___caixa,sub_tabelas_1,high,""
caixa_001_2009_12_dezembro_2009_pmcmv_07_12_2009,sub_tabelas_1,high,""
caixa_001_2009_12_dezembro_2009_pmcmv_14_12_2009,sub_tabelas_1,high,""
caixa_001_2009_12_dezembro_2009_pmcmv_18_12_2009,sub_tabelas_1,high,""
caixa_001_2009_12_dezembro_2009_pmcmv_20091207cc_análise,sub_tabelas_1,high,""
caixa_001_2009_12_dezembro_2009_pmcmv_24_12_2009_parte1,sub_tabelas_1,high,""
caixa_001_2009_12_dezembro_2009_pmcmv_24_12_2009_parte2,cabecalho_na_terceira_linha_1,high,""
caixa_001_2009_12_dezembro_2009_pmcmv_31_12_2009,sub_tabelas_1,high,""
caixa_001_2009_12_dezembro_2009_pmcmv_31_12_2009_2,sub_tabelas_1,high,""
caixa_001_2009_pmcmv_31_12_2009,sub_tabelas_1,high,""
caixa_001_2010_01__janeiro_2010_pmcmv_26_01_2010,sub_tabelas_1,high,""
caixa_001_2010_02___fevereiro_2010_pmcmv_05_02_2010___caixa,sub_tabelas_1,high,""
caixa_001_2010_02___fevereiro_2010_pmcmv_12_02_2010___caixa,sub_tabelas_1,high,""
caixa_001_2010_02___fevereiro_2010_pmcmv_19_02_10_caixa,sub_tabelas_1,high,""
caixa_001_2010_02___fevereiro_2010_pmcmv_20100219,sub_tabelas_1,high,""
caixa_001_2010_02___fevereiro_2010_pmcmv_20100226,sub_tabelas_1,high,""
caixa_001_2010_03___marco_2010_pmcmv_20100305,sub_tabelas_1,high,""
caixa_001_2010_03___marco_2010_pmcmv_20100312_cc,sub_tabelas_1,high,""
caixa_001_2010_03___marco_2010_pmcmv_20100319_cc,sub_tabelas_1,high,""
caixa_001_2010_04___abril_2010_pmcmv_15_04_2010,sub_tabelas_1,high,""
caixa_001_2010_04___abril_2010_pmcmv_20100430,sub_tabelas_1,high,""
caixa_001_2010_04___abril_2010_pmcmv_23_04_2010,sub_tabelas_1,high,""
caixa_001_2010_05___maio_2010_pmcmv_20100507,sub_tabelas_1,high,""
caixa_001_2010_05___maio_2010_pmcmv_20100521,sub_tabelas_1,high,""
caixa_001_2010_05___maio_2010_pmcmv_20100527,sub_tabelas_1,high,""
caixa_001_2010_06___junho_2010_contratação30062010,bem_formada,high,""
caixa_001_2010_06___junho_2010_pmcmv30062010_1semde2010,sub_tabelas_1,high,""
caixa_001_2010_06___junho_2010_pmcmv_04062010,sub_tabelas_1,high,""
caixa_001_2010_06___junho_2010_pmcmv_11062010,sub_tabelas_1,high,""
caixa_001_2010_07___julho_2010_pmcmv23072010,sub_tabelas_1,high,""
caixa_001_2010_07___julho_2010_pmcmv30062010_1semde2010,sub_tabelas_1,high,""
caixa_001_2010_07___julho_2010_pmcmv30072010,sub_tabelas_1,high,""
caixa_001_2010_07___julho_2010_pmcmv_16_07_2010,sub_tabelas_1,high,""
caixa_001_2010_07___julho_2010_pmcmv_30_07_2010,sub_tabelas_1,high,""
caixa_001_2010_08___agosto_2010_municípios_contratados_1308,sub_tabelas_3,high,""
caixa_001_2010_08___agosto_2010_pmcmv06082010,sub_tabelas_1,high,""
caixa_001_2010_08___agosto_2010_pmcmv13082010,sub_tabelas_1,high,""
caixa_001_2010_08___agosto_2010_pmcmv20082010,sub_tabelas_1,high,""
caixa_001_2010_08___agosto_2010_pmcmv30082010,sub_tabelas_1,high,""
caixa_001_2010_08___agosto_2010_pmcmv_06_08_2010,sub_tabelas_1,high,""
caixa_001_2010_08___agosto_2010_pmcmv_13_08_2010,sub_tabelas_1,high,""
caixa_001_2010_09___setembro_2010_pmcmv06092010,sub_tabelas_1,high,""
caixa_001_2010_09___setembro_2010_pmcmv06092010_desligados,bem_formada,high,""
caixa_001_2010_09___setembro_2010_pmcmv10092010,sub_tabelas_1,high,""
caixa_001_2010_09___setembro_2010_pmcmv21092010,sub_tabelas_1,high,""
caixa_001_2010_09___setembro_2010_pmcmv24092010,sub_tabelas_1,high,""
caixa_001_2010_10___outubro_2010_pmcmv15102010v1,sub_tabelas_1,high,""
caixa_001_2010_10___outubro_2010_pmcmv25102010,sub_tabelas_1,high,""
caixa_001_2010_11___novembro_2010_pmcmv_19112010,sub_tabelas_1,high,""
caixa_001_2010_11___novembro_2010_pmcmv_26112010,sub_tabelas_1,high,""
caixa_001_2010_11___novembro_2010_pmcmv_automatizado03112010,sub_tabelas_1,high,""
caixa_001_2010_12___dezembro_2010_balanco_pmcmv_15122010,sub_tabelas_1,high,""
caixa_001_2010_12___dezembro_2010_balanco_pmcmv_15_12_2010,sub_tabelas_1,high,""
caixa_001_2010_12___dezembro_2010_balanco_pmcmv_20122010,sub_tabelas_1,high,""
caixa_001_2010_12___dezembro_2010_balanco_pmcmv_20_12_2010,sub_tabelas_1,high,""
caixa_001_2010_12___dezembro_2010_pmcmv_pj_07_12_2010,sub_tabelas_1,high,""
caixa_001_2011_03_março_pmcmv_14032011,sub_tabelas_1,high,""
caixa_001_2011_04_abril_pmcmv_14042011,sub_tabelas_1,high,""
caixa_001_2011_05_maio__pmcmv_presidencia_2,sub_tabelas_1,high,""
caixa_001_2011_05_maio_pmcmv_20110531,sub_tabelas_1,high,""
caixa_001_2011_05_maio_pmcmv_2_20110531,sub_tabelas_1,high,""
caixa_001_2011_05_maio_pmcmv_acumulado,sub_tabelas_1,high,""
caixa_001_2011_05_maio_presidencia,sub_tabelas_1,high,""
caixa_001_2011_05_maio_presidencia1__16_05_2011,sub_tabelas_1,high,""
caixa_001_2011_06_junho_pmcmv_20110624,sub_tabelas_1,high,""
caixa_001_2011_06_junho_pmcmv_automatizado_continua_24062011,sub_tabelas_1,high,""
caixa_001_2011_06_junho_presidencia,bem_formada,high,""
caixa_001_2011_07_julho_pmcmv_20110722,sub_tabelas_1,high,""
caixa_001_2011_07_julho_pmcmv_automatizado_continua_04072011,sub_tabelas_1,high,""
caixa_001_2011_07_julho_pmcmv_automatizado_continua_15072011,sub_tabelas_1,high,""
caixa_001_2011_07_julho_pmcmv_automatizado_continua_22072011,sub_tabelas_1,high,""
caixa_001_2011_07_julho_pmcmv_automatizado_novo_01082011,sub_tabelas_1,high,""
caixa_001_2011_07_julho_pmcmv_automatizado_novo_28072011,sub_tabelas_1,high,""
caixa_001_2011_07_julho_presidencia_automatizado_01082011,bem_formada,high,""
caixa_001_2011_07_julho_presidencia_automatizado_28072011,bem_formada,high,""
caixa_001_2011_08_agosto_demanda_mc_far_pmcmv,bem_formada,high,""
caixa_001_2011_08_agosto_pmcmv_20110826,sub_tabelas_1,high,""
caixa_001_2011_08_agosto_pmcmv_acumulado_09_08_2011,sub_tabelas_1,high,""
caixa_001_2011_08_agosto_pmcmv_automatizado_continua_09082011,sub_tabelas_1,high,""
caixa_001_2011_08_agosto_pmcmv_automatizado_novo_01082011,sub_tabelas_1,high,""
caixa_001_2011_08_agosto_pmcmv_automatizado_novo_09082011,sub_tabelas_1,high,""
caixa_001_2011_08_agosto_pmcmv_automatizado_novo_15082011,sub_tabelas_1,high,""
caixa_001_2011_08_agosto_pmcmv_automatizado_novo_19082011,sub_tabelas_1,high,""
caixa_001_2011_08_agosto_pmcmv_automatizado_novo_26082011,sub_tabelas_1,high,""
caixa_001_2011_08_agosto_pmcmv_ii_09_08_2011,sub_tabelas_1,high,""
caixa_001_2011_08_agosto_pmcmv_ii_15_08_2011,sub_tabelas_1,high,""
caixa_001_2011_08_agosto_pmcmv_ii_19_08_2011,sub_tabelas_1,high,""
caixa_001_2011_08_agosto_pmcmv_ii_26_08_2011,sub_tabelas_1,high,""
caixa_001_2011_08_agosto_presidencia_automatizado_01082011,bem_formada,high,""
caixa_001_2011_08_agosto_presidencia_automatizado_mcmvii_082011,bem_formada,high,""
caixa_001_2011_09_setembro_pmcmv_automatizado_novo_29092011,sub_tabelas_1,high,""
caixa_001_2011_09_setembro_pmcmv_ii_09092011,sub_tabelas_1,high,""
caixa_001_2011_09_setembro_pmcmv_ii_16092011,sub_tabelas_1,high,""
caixa_001_2011_09_setembro_pmcmv_ii_23092011,sub_tabelas_1,high,""
caixa_001_2011_09_setembro_pmcmv_ii_29092011,sub_tabelas_1,high,""
caixa_001_2011_10_outubro_pmcmv_20111025,sub_tabelas_1,high,""
caixa_001_2011_10_outubro_pmcmv_automatizado_novo_13102011,sub_tabelas_1,high,""
caixa_001_2011_10_outubro_pmcmv_automatizado_novo_20102011,sub_tabelas_1,high,""
caixa_001_2011_11_novembro_relat_rio_executivo_mcid_21_11_11,cabecalho_na_segunda_linha,high,""
caixa_001_2011_11_novembro_relatório_executivo_mcid_21_11_11,cabecalho_na_segunda_linha,high,""
caixa_001_2012_01_janeiro_pmcmv_relatorio_executivo_23012012,sub_tabelas_1,high,""
caixa_001_2012_01_janeiro_pmcmv_relatorio_executivo_27012012,sub_tabelas_1,high,""
caixa_001_2012_01_janeiro_pmcmv_relatorio_executivo_31012012,sub_tabelas_1,high,""
caixa_001_2012_03_marco_pmcmv_relatorio_executivo_09_03_2012,sub_tabelas_1,high,""
caixa_001_2012_03_marco_pmcmv_relatorio_executivo_16_03_2012,sub_tabelas_1,high,""
caixa_001_2012_03_marco_pmcmv_relatorio_executivo_27_03_2012,sub_tabelas_1,high,""
caixa_001_2012_03_marco_pmcmv_relatorio_executivo_31_03_2012,sub_tabelas_1,high,""
caixa_001_2012_04_abril_2012_04_18_5b1_base_empreend_contratado,bem_formada,high,""
caixa_001_2012_04_abril_2012_04_18_5b_empreend_contratado,bem_formada,high,""
caixa_001_2012_04_abril_2012_04_18_5c1__base_contrata__o_pf,bem_formada,high,""
caixa_001_2012_04_abril_2012_04_18_5c_base_contrata__o_pf,bem_formada,high,""
caixa_001_2012_04_abril_2012_04_18_rural_18042012,bem_formada,high,""
caixa_001_2012_04_abril_2012_04_30_ajustada_caixa_5d_base_bext,bem_formada,high,""
caixa_001_2012_04_abril_5b1_base_empreend_contratado,bem_formada,high,""
caixa_001_2012_04_abril_pmcmv_relatorio_executivo_18_04_2012,sub_tabelas_1,high,""
caixa_001_2012_04_abril_pmcmv_relatorio_executivo_24_04_2012,sub_tabelas_1,high,""
caixa_001_2012_04_abril_pmcmv_relatorio_executivo_30_04_2012,sub_tabelas_1,high,""
caixa_001_2012_04_abril_validacao_1604_1804,bem_formada,high,""
caixa_001_2012_05_maio_5b1__base_empreend_contratado,bem_formada,high,""
caixa_001_2012_05_maio_pmcmv_relatorio_executivo_07_05_2012,sub_tabelas_1,high,""
caixa_001_2012_05_maio_pmcmv_relatorio_executivo_14_05_2012,sub_tabelas_1,high,""
caixa_001_2012_05_maio_pmcmv_relatorio_executivo_28_05_2012,sub_tabelas_1,high,""
caixa_001_2012_05_maio_pmcmv_relatorio_executivo_31_05_2012,sub_tabelas_1,high,""
caixa_001_2012_06_junho_pmcmv_relatorio_executivo_30_06_2012,sub_tabelas_1,high,""
caixa_001_2012_06_junho_pmcmv_relatorio_executivo_30_06_2012v2,sub_tabelas_1,high,""
caixa_001_2012_07_julho_bases_relatório_executivo_24_07_12,sub_tabelas_4,medium,""
caixa_001_2012_07_julho_bases_relatório_executivo_31072012_v2,bem_formada,high,""
caixa_001_2012_07_julho_bases_relatório_executivo_31_07_12,bem_formada,high,""
caixa_001_2012_07_julho_pmcmv_relatorio_executivo_11_07_2012,sub_tabelas_1,high,""
caixa_001_2012_07_julho_pmcmv_relatorio_executivo_11_07_2012_bd,sub_tabelas_1,high,""
caixa_001_2012_07_julho_pmcmv_relatorio_executivo_15_07_2012,sub_tabelas_1,high,""
caixa_001_2012_07_julho_pmcmv_relatório_executivo_24_07_12,sub_tabelas_1,high,""
caixa_001_2012_07_julho_pmcmv_relatório_executivo_31072012_v2,sub_tabelas_1,high,""
caixa_001_2012_07_julho_pmcmv_relatório_executivo_31_07_12,sub_tabelas_1,high,""
caixa_001_2012_08_agosto_base_pf_e_pj_06_08_12,bem_formada,high,""
caixa_001_2012_08_agosto_base_pf_e_pj_14_08_12,bem_formada,high,""
caixa_001_2012_08_agosto_base_pf_e_pj_20_08_12,bem_formada,high,""
caixa_001_2012_08_agosto_base_pf_e_pj_24_08_12,bem_formada,high,""
caixa_001_2012_08_agosto_bases_relatório_executivo_31_08_12,bem_formada,high,""
caixa_001_2012_08_agosto_pmcmv_relatório_executivo_06_08_12,sub_tabelas_1,high,""
caixa_001_2012_08_agosto_pmcmv_relatório_executivo_14_08_12,sub_tabelas_1,high,""
caixa_001_2012_08_agosto_pmcmv_relatório_executivo_20_08_12,sub_tabelas_1,high,""
caixa_001_2012_08_agosto_pmcmv_relatório_executivo_24_08_12,sub_tabelas_1,high,""
caixa_001_2012_08_agosto_pmcmv_relatório_executivo_31_08_12,sub_tabelas_1,high,""
caixa_001_2012_09_setembro_bases_relatório_executivo_10_09_12,bem_formada,high,""
caixa_001_2012_09_setembro_bases_relatório_executivo_15_09_12,bem_formada,high,""
caixa_001_2012_09_setembro_bases_relatório_executivo_26092012,bem_formada,high,""
caixa_001_2012_09_setembro_bases_relatório_executivo_30092012,bem_formada,high,""
caixa_001_2012_09_setembro_pmcmv_relatório_executivo_10_09_12,sub_tabelas_1,high,""
caixa_001_2012_09_setembro_pmcmv_relatório_executivo_26092012,sub_tabelas_1,high,""
caixa_001_2012_09_setembro_pmcmv_relatório_executivo_30092012,sub_tabelas_1,high,""
caixa_001_2012_09_setembro_rel_executivo_resumo_15092012,sub_tabelas_1,high,""
caixa_001_2012_09_setembro_rel_executivo_resumo_26092012,sub_tabelas_1,high,""
caixa_001_2012_10_outubro_bases_relatório_executivo_31102012,bem_formada,high,""
caixa_001_2012_10_outubro_pmcmv_relatório_executivo_31102012,sub_tabelas_1,high,""
caixa_001_2012_10_outubro_rel_executivo_resumo_31102012,sub_tabelas_1,high,""
caixa_001_2012_11_novembro_bases_relat_rio_executivo_12112012,bem_formada,high,""
caixa_001_2012_11_novembro_bases_relatório_executivo_28112012,bem_formada,high,""
caixa_001_2012_11_novembro_pmcmv_relat_rio_executivo_12112012,sub_tabelas_1,high,""
caixa_001_2012_11_novembro_pmcmv_relatório_executivo_28112012,sub_tabelas_1,high,""
caixa_001_2012_12_dezembro_bases_relatório_executivo_21122012,bem_formada,high,""
caixa_001_2012_12_dezembro_bases_relatório_executivo_31122012,bem_formada,high,""
caixa_001_2012_12_dezembro_pmcmv_relatório_executivo_21122012,sub_tabelas_1,high,""
caixa_001_2012_12_dezembro_pmcmv_relatório_executivo_31122012,sub_tabelas_1,high,""
caixa_001_2012_12_dezembro_rel_executivo_resumo_21122012,sub_tabelas_1,high,""
caixa_001_2013_01___janeiro_bases_relatório_executivo_31012013,bem_formada,high,""
caixa_001_2013_01___janeiro_pmcmv_relatório_executivo_31012013,sub_tabelas_1,high,""
caixa_001_2013_01___janeiro_rel_executivo_resumo_31012013,sub_tabelas_1,high,""
caixa_001_2013_02___fevereiro_propostas_base_far,bem_formada,high,""
caixa_001_2013_02___fevereiro_rel_executivo_resumo_15022013,sub_tabelas_1,high,""
caixa_001_2013_02___fevereiro_rel_executivo_resumo_15022013_v2,sub_tabelas_1,high,""
caixa_001_2013_02___fevereiro_rel_executivo_resumo_28022013,sub_tabelas_1,high,""
caixa_001_2013_03___março_bases_relat_rio_executivo_28032013,bem_formada,high,""
caixa_001_2013_03___março_bases_relatório_executivo_15032013,bem_formada,high,""
caixa_001_2013_03___março_bases_relatório_executivo_28032013,bem_formada,high,""
caixa_001_2013_03___março_pmcmv_relat_rio_executivo_28032013,sub_tabelas_1,high,""
caixa_001_2013_03___março_pmcmv_relatório_executivo_15032013,sub_tabelas_1,high,""
caixa_001_2013_03___março_pmcmv_relatório_executivo_28032013,sub_tabelas_1,high,""
caixa_001_2013_03___março_rel_executivo_resumo_15032013,sub_tabelas_1,high,""
caixa_001_2013_03___março_rel_executivo_resumo_28032013,sub_tabelas_1,high,""
caixa_001_2013_04___abril_bases_relatório_executivo_30042013,bem_formada,high,""
caixa_001_2013_04___abril_pmcmv_relat_rio_executivo_30042013,sub_tabelas_1,high,""
caixa_001_2013_04___abril_pmcmv_relatório_executivo_30042013,sub_tabelas_1,high,""
caixa_001_2013_04___abril_rel_executivo_resumo_30042013,sub_tabelas_1,high,""
caixa_001_2013_04___abril_rel_executivo_resumo_30042013_v1,sub_tabelas_1,high,""
caixa_001_2013_05___maio_bases_relat_rio_executivo_150513,bem_formada,high,""
caixa_001_2013_05___maio_pmcmv_relat_rio_executivo_150513,sub_tabelas_1,high,""
caixa_001_2013_05___maio_rel_executivo_resumo_150513,sub_tabelas_1,high,""
caixa_001_2013_12___dezembro_bases_relat_rio_executivo,bem_formada,high,""
caixa_001_2013_12___dezembro_rel_executivo_resumo,sub_tabelas_1,high,""
caixa_001_2014_11_novembro_bases_relatório_executivo_15112014,bem_formada,high,""
caixa_001_2014_11_novembro_bases_relatório_executivo_30112014,bem_formada,high,""
caixa_001_2014_11_novembro_pmcmv_relatório_executivo_15112014,sub_tabelas_1,high,""
caixa_001_2014_11_novembro_pmcmv_relatório_executivo_30112014,sub_tabelas_1,high,""
caixa_001_2014_11_novembro_rel_executivo_resumo_15112014,sub_tabelas_1,high,""
caixa_001_2014_11_novembro_rel_executivo_resumo_comerc_30112014,sub_tabelas_1,high,""
caixa_001_2014_12_dezembro_rel_executivo_resumo_31122014,sub_tabelas_1,high,""
caixa_001_2014_rel_executivo_resumo_28022015,sub_tabelas_1,high,""
caixa_001_2014_rel_executivo_resumo_31012015,sub_tabelas_1,high,""
caixa_001_2015_01_janeiro_bases_relatório_executivo_31012015,cabecalho_na_primeira_linha_1,high,""
caixa_001_2015_01_janeiro_pmcmv_3_relatório_executivo_31012015,sub_tabelas_1,high,""
caixa_001_2015_02_fevereiro_bases_relatório_executivo_28022015,cabecalho_na_primeira_linha_1,high,""
caixa_001_2015_02_fevereiro_rel_executivo_resumo_28022015,sub_tabelas_1,high,""
caixa_001_2015_03_marco_bases_relatório_executivo_31032015,cabecalho_na_primeira_linha_1,high,""
caixa_001_2015_03_marco_bases_relatório_executivo_31032015v2,cabecalho_na_primeira_linha_1,high,""
caixa_001_2015_03_marco_pmcmv_3_relatório_executivo_31032015,sub_tabelas_1,high,""
caixa_001_2015_03_marco_rel_executivo_resumo_2015_31032015v2,sub_tabelas_1,high,""
caixa_001_2015_03_marco_rel_executivo_resumo_31032015,sub_tabelas_1,high,""
caixa_001_2015_04_abril_bases_relatório_executivo_30042015,bem_formada,high,""
caixa_001_2015_04_abril_bases_relatório_executivo_30042015_v2,bem_formada,high,""
caixa_001_2015_04_abril_pmcmv_3_relatório_executivo_30042015,sub_tabelas_1,high,""
caixa_001_2015_04_abril_rel_executivo_resumo_30042015,sub_tabelas_1,high,""
caixa_001_2015_05_maio_bases_relat_rio_executivo_31052015,cabecalho_na_primeira_linha_1,high,""
caixa_001_2015_05_maio_pmcmv_3_relat_rio_executivo_31052015,sub_tabelas_1,high,""
caixa_001_2015_05_maio_rel_executivo_resumo_31052015,sub_tabelas_1,high,""
caixa_001_2015_06_junho_bases_relatório_executivo_30062015,cabecalho_na_primeira_linha_1,high,""
caixa_001_2015_06_junho_bext_30062015,bem_formada,high,""
caixa_001_2015_06_junho_pmcmv_3_relatório_executivo_30062015,sub_tabelas_1,high,""
caixa_001_2015_06_junho_rel_executivo_resumo_30062015,sub_tabelas_1,high,""
caixa_001_2015_07_julho_bases_relatório_executivo_31072015,cabecalho_na_primeira_linha_1,high,""
caixa_001_2015_07_julho_min_cidades_pf_pf,bem_formada,high,""
caixa_001_2015_07_julho_min_cidades_pj,bem_formada,high,""
caixa_001_2015_07_julho_min_cidades_pj_pf,bem_formada,high,""
caixa_001_2015_07_julho_pmcmv_3_relatório_executivo_31072015,sub_tabelas_1,high,""
caixa_001_2015_07_julho_rel_executivo_resumo_31072015,sub_tabelas_1,high,""
caixa_001_2015_10_outubro_bases_relatório_executivo_31102015,cabecalho_na_primeira_linha_1,high,""
caixa_001_2015_10_outubro_bext_31102015,bem_formada,high,""
caixa_001_2015_10_outubro_pmcmv_3_relatório_executivo31102015,sub_tabelas_1,high,""
caixa_001_2015_10_outubro_pmcmv_3_relatório_executivo_31102015,sub_tabelas_1,high,""
caixa_001_2015_11_novembro_bases_relatório_executivo_30112015,cabecalho_na_primeira_linha_1,high,""
caixa_001_2015_11_novembro_pmcmv_3_relatório_executivo_3011201,sub_tabelas_1,high,""
caixa_001_2015_11_novembro_rel_executivo_resumo_30112015,sub_tabelas_1,high,""
caixa_001_2015_12_dezembro_bases_relatório_executivo_31122015v,cabecalho_na_primeira_linha_1,high,""
caixa_001_2015_12_dezembro_rel_executivo_resumo_31122015v2,sub_tabelas_1,high,""
caixa_001_2015_datas_entregas_pj_mcmv_30062015,cabecalho_composto_1,high,""
caixa_001_2016_02_fevereiro_relatorio_cidades_20160229_v2,bem_formada,high,""
caixa_001_2016_bases_relatório_executivo_30042016,cabecalho_na_primeira_linha_1,high,""
caixa_001_2016_bext_30042016,bem_formada,high,""
caixa_001_2016_bext_31102016,vazia,high,""
caixa_001_2016_grafico_mcmv_31082016,sub_tabelas_3,high,""
caixa_001_2016_pmcmv_3_relatório_executivo_30042016,sub_tabelas_1,high,""
caixa_001_2016_pmcmv_3_relatório_executivo_31122016,sub_tabelas_1,high,""
caixa_001_2016_rel_executivo_resumo_30042016,sub_tabelas_1,high,""
caixa_001_2016_rel_executivo_resumo_31082016,sub_tabelas_1,high,""
caixa_001_2016_rel_executivo_resumo_31122016,sub_tabelas_1,high,""
caixa_001_2017_contratação_por_uf_nov_2017,cabecalho_na_primeira_linha_1,high,""
caixa_001_2017_rel_executivo_resumo_dez17,sub_tabelas_1,high,""
caixa_001_2018_pmcmv_3_relatório_executivo_ago2018,sub_tabelas_1,high,""
caixa_001_2018_rel_executivo_resumo_ago2018,sub_tabelas_1,high,""
caixa_002_2015_07_julho_bext_31072015,bem_formada,high,""
caixa_002_2015_08_agosto_bases_relatório_executivo_12082015,cabecalho_na_primeira_linha_1,high,""
caixa_002_2015_08_agosto_bases_relatório_executivo_31082015,cabecalho_na_primeira_linha_1,high,""
caixa_002_2015_08_agosto_pmcmv_3_relatório_executivo31082015,sub_tabelas_1,high,""
caixa_002_2015_08_agosto_pmcmv_3_relatório_executivo_12082015,sub_tabelas_1,high,""
caixa_002_2015_08_agosto_rel_executivo_resumo_12082015,sub_tabelas_1,high,""
caixa_002_2015_08_agosto_rel_executivo_resumo_31082015,sub_tabelas_1,high,""
caixa_002_2015_12_dezembro_bases_relatório_executivo_31122015,cabecalho_na_primeira_linha_1,high,""
caixa_002_2015_12_dezembro_bext_31122015,cabecalho_na_primeira_linha_1,high,""
caixa_002_2015_12_dezembro_pmcmv_3_relatório_executivo_3112201,sub_tabelas_1,high,""
caixa_002_2015_12_dezembro_rel_executivo_resumo_31122015,sub_tabelas_1,high,""
caixa_002_2016_08_agosto_bases_relatório_executivo_31082016,cabecalho_na_primeira_linha_1,high,""
caixa_002_2016_bases_relatório_executivo_31122016,cabecalho_na_primeira_linha_1,high,""
caixa_002_2016_bext_31122016,cabecalho_na_primeira_linha_1,high,""
caixa_002_2017_bases_relat_rio_executivo_abr2017,cabecalho_na_primeira_linha_1,high,""
caixa_002_2017_bases_relat_rio_executivo_ago2017,cabecalho_na_primeira_linha_1,high,""
caixa_002_2017_bases_relat_rio_executivo_fev2017,cabecalho_na_primeira_linha_1,high,""
caixa_002_2017_bases_relatório_executivo_dez17,cabecalho_na_primeira_linha_1,high,""
caixa_002_2017_bext_abr2017,bem_formada,high,""
caixa_002_2017_bext_ago2017,bem_formada,high,""
caixa_002_2017_bext_dez17,bem_formada,high,""
caixa_002_2017_bext_fev2017,bem_formada,high,""
caixa_002_2017_pmcmv_3_relat_rio_executivo_abr2017,sub_tabelas_1,high,""
caixa_002_2017_pmcmv_3_relat_rio_executivo_ago2017,sub_tabelas_1,high,""
caixa_002_2017_pmcmv_3_relat_rio_executivo_fev2017,sub_tabelas_1,high,""
caixa_002_2017_pmcmv_3_relatório_executivo_dez17,sub_tabelas_1,high,""
caixa_002_2017_rel_executivo_resumo_ago2017,sub_tabelas_1,high,""
caixa_002_2017_rel_executivo_resumo_fev2017,sub_tabelas_1,high,""
caixa_002_2018_bases_relat_rio_executivo_abr2018,cabecalho_na_primeira_linha_1,high,""
caixa_002_2018_bases_relat_rio_executivo_abr2018_v2,cabecalho_na_primeira_linha_1,high,""
caixa_002_2018_bases_relat_rio_executivo_jun2018,cabecalho_na_primeira_linha_1,high,""
caixa_002_2018_bases_relat_rio_executivo_mai2018,cabecalho_na_primeira_linha_1,high,""
caixa_002_2018_bases_relat_rio_executivo_mar18,cabecalho_na_primeira_linha_1,high,""
caixa_002_2018_bases_relatório_executivo_ago2018,cabecalho_na_primeira_linha_1,high,""
caixa_002_2018_bext_abr18,bem_formada,high,""
caixa_002_2018_bext_ago18,bem_formada,high,""
caixa_002_2018_bext_jun18,bem_formada,high,""
caixa_002_2018_bext_mai18,bem_formada,high,""
caixa_002_2018_bext_mar18,bem_formada,high,""
caixa_002_2018_novo_relat_rio_executivo,dados_sem_utilidade,high,""
caixa_002_2018_novo_relat_rio_executivo_maio2018,dados_sem_utilidade,high,""
caixa_002_2018_pmcmv_3_relat_rio_executivo_abr2018,sub_tabelas_1,high,""
caixa_002_2018_pmcmv_3_relat_rio_executivo_abr2018_v2,sub_tabelas_1,high,""
caixa_002_2018_pmcmv_3_relat_rio_executivo_jun2018,sub_tabelas_1,high,""
caixa_002_2018_pmcmv_3_relat_rio_executivo_mai2018,sub_tabelas_1,high,""
caixa_002_2018_pmcmv_3_relat_rio_executivo_mar18,sub_tabelas_1,high,""
caixa_002_2018_rel_executivo_resumo_abr2018,sub_tabelas_1,high,""
caixa_002_2018_rel_executivo_resumo_abr2018_v2,sub_tabelas_1,high,""
caixa_002_2018_rel_executivo_resumo_jun2018,sub_tabelas_1,high,""
caixa_002_2018_rel_executivo_resumo_mai2018,sub_tabelas_1,high,""
caixa_002_2018_rel_executivo_resumo_mar2018,sub_tabelas_1,high,""
caixa_003_2017_bases_relat_rio_executivo_31012017,cabecalho_na_primeira_linha_1,high,""
caixa_003_2017_bases_relat_rio_executivo_jul2017,cabecalho_na_primeira_linha_1,high,""
caixa_003_2017_bases_relat_rio_executivo_jun2017,cabecalho_na_primeira_linha_1,high,""
caixa_003_2017_bases_relat_rio_executivo_mai2017,cabecalho_na_primeira_linha_1,high,""
caixa_003_2017_bases_relat_rio_executivo_mar2017,cabecalho_na_primeira_linha_1,high,""
caixa_003_2017_bases_relat_rio_executivo_nov17,cabecalho_na_primeira_linha_1,high,""
caixa_003_2017_bext_jan_2017,bem_formada,high,""
caixa_003_2017_bext_jul2017,bem_formada,high,""
caixa_003_2017_bext_mai2017,bem_formada,high,""
caixa_003_2017_bext_mar2017,bem_formada,high,""
caixa_003_2017_bext_out2017,bem_formada,high,""
caixa_003_2017_pmcmv_3_relat_rio_executivo_31012017,sub_tabelas_1,high,""
caixa_003_2017_pmcmv_3_relat_rio_executivo_jul2017,sub_tabelas_1,high,""
caixa_003_2017_pmcmv_3_relat_rio_executivo_jun2017,sub_tabelas_1,high,""
caixa_003_2017_pmcmv_3_relat_rio_executivo_mai2017,sub_tabelas_1,high,""
caixa_003_2017_pmcmv_3_relat_rio_executivo_mar2017,sub_tabelas_1,high,""
caixa_003_2017_pmcmv_3_relat_rio_executivo_nov17,sub_tabelas_1,high,""
caixa_003_2017_rel_executivo_resumo_31012017,sub_tabelas_1,high,""
caixa_003_2017_rel_executivo_resumo_jul2017,sub_tabelas_1,high,""
caixa_003_2017_rel_executivo_resumo_jun2017,sub_tabelas_1,high,""
caixa_003_2017_rel_executivo_resumo_mai2017,sub_tabelas_1,high,""
caixa_003_2017_rel_executivo_resumo_mar2017,sub_tabelas_1,high,""
caixa_003_2017_rel_executivo_resumo_nov17,sub_tabelas_1,high,""
ecente_2024_07_snh_pmcmv_dados_prioritarios_af_bb_vs02_correcao,bem_formada,high,""
elatorio_executivo_31102014_bases_relatório_executivo_31102014,bem_formada,high,""
elatorio_executivo_31102014_pmcmv_relatório_executivo_31102014,sub_tabelas_1,high,""
historico_recente_202406_snh_pmcmv_dados_prioritarios_af_bb,bem_formada,medium,inconsistência de tipos entre colunas
historico_recente_202406_snh_pmcmv_dados_prioritarios_af_caixa,bem_formada,high,""
historico_recente_202407_snh_pmcmv_dados_prioritarios_af_caixa,bem_formada,high,""
historico_recente_202409_snh_pmcmv_dados_prioritarios_af_caixa,bem_formada,high,""
historico_recente_202410_snh_pmcmv_dados_prioritarios_af_caixa,bem_formada,high,""
historico_recente_202411_snh_pmcmv_dados_prioritarios_af_bb,bem_formada,high,""
historico_recente_202411_snh_pmcmv_dados_prioritarios_af_caixa,bem_formada,high,""
historico_recente_202412_snh_pmcmv_dados_prioritarios_af_bb,bem_formada,high,""
historico_recente_202412_snh_pmcmv_dados_prioritarios_af_caixa,bem_formada,high,""
historico_recente_2024_08_snh_pmcmv_dados_prioritarios_af_bb,bem_formada,high,""
historico_recente_2024_09_snh_pmcmv_dados_prioritarios_af_bb,bem_formada,high,""
historico_recente_2024_10_snh_pmcmv_dados_prioritarios_af_bb,bem_formada,high,""
historico_recente_202501_snh_pmcmv_dados_prioritarios_af_caixa,bem_formada,high,""
historico_recente_202502_snh_pmcmv_dados_prioritarios_af_caixa,bem_formada,high,""
historico_recente_202503_snh_pmcmv_dados_prioritarios_af_bb,bem_formada,high,""
historico_recente_202503_snh_pmcmv_dados_prioritarios_af_caixa,bem_formada,high,""
historico_recente_202504_snh_pmcmv_dados_prioritarios_af_bb,bem_formada,high,""
historico_recente_202504_snh_pmcmv_dados_prioritarios_af_caixa,bem_formada,high,""
historico_recente_202505_snh_pmcmv_dados_prioritarios_af_bb,bem_formada,high,""
historico_recente_202505_snh_pmcmv_dados_prioritarios_af_caixa,bem_formada,high,""
historico_recente_202506_snh_pmcmv_dados_prioritarios_af_bb,bem_formada,high,""
historico_recente_202506_snh_pmcmv_dados_prioritarios_af_caixa,bem_formada,high,""
historico_recente_202507_snh_pmcmv_dados_prioritarios_af_bb,bem_formada,high,""
historico_recente_202507_snh_pmcmv_dados_prioritarios_af_caixa,bem_formada,high,""
historico_recente_202508_snh_pmcmv_dados_prioritarios_af_bb,bem_formada,high,""
historico_recente_202508_snh_pmcmv_dados_prioritarios_af_caixa,bem_formada,high,""
historico_recente_202509_snh_pmcmv_dados_prioritarios_af_bb,bem_formada,high,""
historico_recente_202509_snh_pmcmv_dados_prioritarios_af_caixa,bem_formada,high,""
historico_recente_202510_snh_pmcmv_dados_prioritarios_af_bb,bem_formada,high,""
historico_recente_202510_snh_pmcmv_dados_prioritarios_af_caixa,bem_formada,high,""
historico_recente_202511_snh_pmcmv_dados_prioritarios_af_bb,bem_formada,high,""
historico_recente_202511_snh_pmcmv_dados_prioritarios_af_caixa,bem_formada,high,""
historico_recente_202512_snh_pmcmv_dados_prioritarios_af_bb,bem_formada,high,""
historico_recente_202512_snh_pmcmv_dados_prioritarios_af_caixa,bem_formada,high,""
historico_recente_2025_01_snh_pmcmv_dados_prioritarios_af_bb,bem_formada,high,""
historico_recente_2025_02_snh_pmcmv_dados_prioritarios_af_bb,bem_formada,high,""
historico_recente_202601_snh_pmcmv_dados_prioritarios_af_bb,bem_formada,high,""
historico_recente_202601_snh_pmcmv_dados_prioritarios_af_caixa,bem_formada,high,""
historico_recente_202602_snh_pmcmv_dados_prioritarios_af_bb,bem_formada,high,""
historico_recente_202602_snh_pmcmv_dados_prioritarios_af_caixa,bem_formada,high,""
historico_recente_202603_snh_pmcmv_dados_prioritarios_af_bb,bem_formada,high,""
historico_recente_202603_snh_pmcmv_dados_prioritarios_af_caixa,bem_formada,high,""
ixa_001_2010_09___setembro_2010_contratação_pf_total___060920,bem_formada,high,""
ixa_001_2011_09_setembro_presidencia_automatizado_mcmvii_082011,bem_formada,high,""
ixa_001_2012_01_janeiro_pmcmv_relatorio_executivo_13012012_base,bem_formada,high,""
ixa_001_2012_01_janeiro_pmcmv_relatorio_executivo_31012012_base,bem_formada,high,""
ixa_001_2013_02___fevereiro_bases_relatório_executivo_15022013,bem_formada,high,""
ixa_001_2013_02___fevereiro_bases_relatório_executivo_28022013,bem_formada,high,""
ixa_001_2013_02___fevereiro_pmcmv_relatório_executivo_15022013,sub_tabelas_1,high,""
ixa_001_2013_02___fevereiro_pmcmv_relatório_executivo_28022013,sub_tabelas_1,high,""
ixa_001_2014_12_dezembro_bases_relatório_executivo_31122014_v2,bem_formada,high,""
ixa_001_2015_02_fevereiro_pmcmv_3_relatório_executivo_28022015,sub_tabelas_1,high,""
ixa_001_2015_12_dezembro_pmcmv_3_relatório_executivo_31122015v,sub_tabelas_1,high,""
julho_pmcmv_automatizado_continua_15072011_pmcmv__pr___15072011,sub_tabelas_1,high,""
matizado_continua_15072011_pmcmv_automatizado_continua_15072011,sub_tabelas_1,high,""
mbro_2009_relatorio_automatizado_31dez09final_com_base_valor_mc,sub_tabelas_3,high,""
o_recente_202406_snh_pmcmv_dados_prioritarios_af_caixa_entregas,bem_formada,high,""
o_recente_202407_snh_pmcmv_dados_prioritarios_af_caixa_entregas,bem_formada,high,""
o_recente_202408_snh_pmcmv_dados_prioritarios_af_caixa_entregas,bem_formada,high,""
o_recente_202409_snh_pmcmv_dados_prioritarios_af_caixa_entregas,bem_formada,high,""
o_recente_202410_snh_pmcmv_dados_prioritarios_af_caixa_entregas,bem_formada,high,""
o_recente_202411_snh_pmcmv_dados_prioritarios_af_caixa_entregas,bem_formada,high,""
o_recente_202412_snh_pmcmv_dados_prioritarios_af_caixa_entregas,bem_formada,high,""
o_recente_202501_snh_pmcmv_dados_prioritarios_af_caixa_entregas,bem_formada,high,""
o_recente_202502_snh_pmcmv_dados_prioritarios_af_caixa_entregas,bem_formada,high,""
o_recente_202504_snh_pmcmv_dados_prioritarios_af_caixa_entregas,bem_formada,high,""
o_recente_202505_snh_pmcmv_dados_prioritarios_af_caixa_entregas,bem_formada,high,""
o_recente_202506_snh_pmcmv_dados_prioritarios_af_caixa_entregas,bem_formada,high,""
o_recente_202507_snh_pmcmv_dados_prioritarios_af_caixa_entregas,bem_formada,high,""
o_recente_202508_snh_pmcmv_dados_prioritarios_af_caixa_entregas,bem_formada,high,""
o_recente_202509_snh_pmcmv_dados_prioritarios_af_caixa_entregas,bem_formada,high,""
o_recente_202510_snh_pmcmv_dados_prioritarios_af_caixa_entregas,bem_formada,high,""
o_recente_202511_snh_pmcmv_dados_prioritarios_af_caixa_entregas,bem_formada,high,""
o_recente_202512_snh_pmcmv_dados_prioritarios_af_caixa_entregas,bem_formada,high,""
o_recente_202601_snh_pmcmv_dados_prioritarios_af_caixa_entregas,bem_formada,high,""
o_recente_202602_snh_pmcmv_dados_prioritarios_af_caixa_entregas,bem_formada,high,""
o_recente_202603_snh_pmcmv_dados_prioritarios_af_caixa_entregas,bem_formada,high,""
o_relatorio_executivo_30092012_v3_rel_executivo_resumo_30092012,sub_tabelas_1,high,""
relatorio_executivo_31102014_bases_relatório_executivo_3110201,bem_formada,high,""
relatorio_executivo_31102014_pmcmv_relatório_executivo_3110201,sub_tabelas_1,high,""
storico_recente_2024_07_snh_pmcmv_dados_prioritarios_af_bb_vs02,bem_formada,medium,inconsistência de tipos entre colunas
torio_executivo_18_05_2012_pmcmv_relatorio_executivo_18_05_2012,sub_tabelas_1,high,""
torio_executivo_30092012_v3_bases_relatório_executivo_30092012,bem_formada,high,""
torio_executivo_30092012_v3_pmcmv_relatório_executivo_30092012,sub_tabelas_1,high,""
torio_executivo_31_05_2012_pmcmv_relatorio_executivo_31_05_2012,sub_tabelas_1,high,""
ubro_relatorio_executivo_31102014_rel_executivo_resumo_31102014,sub_tabelas_1,high,""
xa_001_2011_12_dezembro_pmcmv_relatorio_executivo_31122011_base,bem_formada,high,""
xa_001_2012_04_abril_2012_04_18_5a_propostas_recebidas_18042012,bem_formada,high,""
xa_001_2012_04_abril_2012_04_18_5b_empreend_contratado_18042012,bem_formada,high,""
xa_001_2012_04_abril_2012_04_18_5c_base_contratação_pf_180420,bem_formada,high,""
xa_001_2013_12___dezembro_pmcmv_relat_rio_executivo_31122013_v2,sub_tabelas_1,high,""
xa_001_2015_12_dezembro_pmcmv_3_relatório_executivo_31122015v2,sub_tabelas_1,high,""
