table_name,status,n_rows,n_cols,profile,institution,report_date,missing_pct,encoding_issues,date_parse_errors,type_coercion_warnings,error
001_2011_08_agosto_previsão_de_conclusão_e_entrega_far_modelo,treated,71,15,colunar_denso,unknown,2011-08-01,4.788732394366197,,,,
001_2012_02_fevereiro_base_pmcmv_relatorio_executivo_10_02_2012,error,0,0,sub_tabelas_1,,,0.0,,,,Identifier '_001_2012_02_fevereiro_base_pmcmv_relatorio_executivo_10_02_2012' exceeds maximum length of 63 characters
001_2012_10_outubro_20121009_bases_relatório_executivo_0910201,treated,18244,40,colunar_denso,unknown,2012-10-01,4.992874369655778,,,,
001_2012_10_outubro_20121009_bases_relatório_executivo_1610201,treated,18352,40,colunar_denso,unknown,2012-10-01,4.993188753269399,,,,
011_12_dezembro_pmcmv_relatorio_executivo_31122011_base___cópi,treated,7032,14,colunar_denso,unknown,,7.142857142857142,,,,
018_int040_ministeriocidades_far_caixa_empreendimentos_20181001,error,0,0,bem_formada,,,0.0,,,,Identifier '_018_int040_ministeriocidades_far_caixa_empreendimentos_20181001' exceeds maximum length of 63 characters
024_10_snh_pmcmv_dados_prioritarios_da_entrega_da_unidade_af_bb,error,0,0,bem_formada,,,0.0,,,,Identifier '_024_10_snh_pmcmv_dados_prioritarios_da_entrega_da_unidade_af_bb' exceeds maximum length of 63 characters
1_2018_int054_ministeriocidades_far_bb_empreendimentos_20180831,error,0,0,bem_formada,,,0.0,,,,Identifier '_1_2018_int054_ministeriocidades_far_bb_empreendimentos_20180831' exceeds maximum length of 63 characters
202402_snh_pmcmv_dados_prioritarios_da_entrega_da_unidade_af_bb,error,0,0,bem_formada,,,0.0,,,,Identifier '_202402_snh_pmcmv_dados_prioritarios_da_entrega_da_unidade_af_bb' exceeds maximum length of 63 characters
202406_snh_pmcmv_dados_prioritarios_da_entrega_da_unidade_af_bb,error,0,0,bem_formada,,,0.0,,,,Identifier '_202406_snh_pmcmv_dados_prioritarios_da_entrega_da_unidade_af_bb' exceeds maximum length of 63 characters
202407_snh_pmcmv_dados_prioritarios_da_entrega_da_unidade_af_bb,error,0,0,bem_formada,,,0.0,,,,Identifier '_202407_snh_pmcmv_dados_prioritarios_da_entrega_da_unidade_af_bb' exceeds maximum length of 63 characters
202408_snh_pmcmv_dados_prioritarios_da_entrega_da_unidade_af_bb,error,0,0,bem_formada,,,0.0,,,,Identifier '_202408_snh_pmcmv_dados_prioritarios_da_entrega_da_unidade_af_bb' exceeds maximum length of 63 characters
202409_snh_pmcmv_dados_prioritarios_da_entrega_da_unidade_af_bb,error,0,0,bem_formada,,,0.0,,,,Identifier '_202409_snh_pmcmv_dados_prioritarios_da_entrega_da_unidade_af_bb' exceeds maximum length of 63 characters
202411_snh_pmcmv_dados_prioritarios_da_entrega_da_unidade_af_bb,error,0,0,bem_formada,,,0.0,,,,Identifier '_202411_snh_pmcmv_dados_prioritarios_da_entrega_da_unidade_af_bb' exceeds maximum length of 63 characters
202412_snh_pmcmv_dados_prioritarios_da_entrega_da_unidade_af_bb,error,0,0,bem_formada,,,0.0,,,,Identifier '_202412_snh_pmcmv_dados_prioritarios_da_entrega_da_unidade_af_bb' exceeds maximum length of 63 characters
202501_snh_pmcmv_dados_prioritarios_da_entrega_da_unidade_af_bb,error,0,0,bem_formada,,,0.0,,,,Identifier '_202501_snh_pmcmv_dados_prioritarios_da_entrega_da_unidade_af_bb' exceeds maximum length of 63 characters
202503_snh_pmcmv_dados_prioritarios_da_entrega_da_unidade_af_bb,error,0,0,bem_formada,,,0.0,,,,Identifier '_202503_snh_pmcmv_dados_prioritarios_da_entrega_da_unidade_af_bb' exceeds maximum length of 63 characters
202504_snh_pmcmv_dados_prioritarios_da_entrega_da_unidade_af_bb,error,0,0,bem_formada,,,0.0,,,,Identifier '_202504_snh_pmcmv_dados_prioritarios_da_entrega_da_unidade_af_bb' exceeds maximum length of 63 characters
202505_snh_pmcmv_dados_prioritarios_da_entrega_da_unidade_af_bb,error,0,0,bem_formada,,,0.0,,,,Identifier '_202505_snh_pmcmv_dados_prioritarios_da_entrega_da_unidade_af_bb' exceeds maximum length of 63 characters
202506_snh_pmcmv_dados_prioritarios_da_entrega_da_unidade_af_bb,error,0,0,bem_formada,,,0.0,,,,Identifier '_202506_snh_pmcmv_dados_prioritarios_da_entrega_da_unidade_af_bb' exceeds maximum length of 63 characters
202507_snh_pmcmv_dados_prioritarios_da_entrega_da_unidade_af_bb,error,0,0,bem_formada,,,0.0,,,,Identifier '_202507_snh_pmcmv_dados_prioritarios_da_entrega_da_unidade_af_bb' exceeds maximum length of 63 characters
202508_snh_pmcmv_dados_prioritarios_da_entrega_da_unidade_af_bb,error,0,0,bem_formada,,,0.0,,,,Identifier '_202508_snh_pmcmv_dados_prioritarios_da_entrega_da_unidade_af_bb' exceeds maximum length of 63 characters
202509_snh_pmcmv_dados_prioritarios_da_entrega_da_unidade_af_bb,error,0,0,bem_formada,,,0.0,,,,Identifier '_202509_snh_pmcmv_dados_prioritarios_da_entrega_da_unidade_af_bb' exceeds maximum length of 63 characters
202510_snh_pmcmv_dados_prioritarios_da_entrega_da_unidade_af_bb,error,0,0,bem_formada,,,0.0,,,,Identifier '_202510_snh_pmcmv_dados_prioritarios_da_entrega_da_unidade_af_bb' exceeds maximum length of 63 characters
202511_snh_pmcmv_dados_prioritarios_da_entrega_da_unidade_af_bb,error,0,0,bem_formada,,,0.0,,,,Identifier '_202511_snh_pmcmv_dados_prioritarios_da_entrega_da_unidade_af_bb' exceeds maximum length of 63 characters
202602_snh_pmcmv_dados_prioritarios_da_entrega_da_unidade_af_bb,error,0,0,bem_formada,,,0.0,,,,Identifier '_202602_snh_pmcmv_dados_prioritarios_da_entrega_da_unidade_af_bb' exceeds maximum length of 63 characters
202603_snh_pmcmv_dados_prioritarios_da_entrega_da_unidade_af_bb,error,0,0,bem_formada,,,0.0,,,,Identifier '_202603_snh_pmcmv_dados_prioritarios_da_entrega_da_unidade_af_bb' exceeds maximum length of 63 characters
_001_2012_01_janeiro_pmcmv_relatorio_executivo_31012012_base_bd,treated,8208,14,colunar_denso,unknown,2012-01-01,0.0,,,,
_001_2012_04_abril_2012_04_18_5c_base_contratação_pf_18042012,treated,33914,23,colunar_denso,unknown,2012-04-01,2.760947768139873,,,,
_001_2012_11_novembro_sintese_20121128_evento_1_milhao_entregas,treated,48,12,sub_tabelas_2,unknown,2012-11-01,28.819444444444443,0,0,0,
a_001_2010_09___setembro_2010_contratação_pf_total___06092010,treated,19928,14,colunar_denso,unknown,2010-09-01,0.13907208808854735,,,,
aixa_001_2013_02___fevereiro_bases_relatório_executivo_1502201,treated,21596,40,colunar_denso,unknown,2013-02-01,5.196101129838859,,,,
aixa_001_2013_02___fevereiro_bases_relatório_executivo_2802201,treated,21896,40,colunar_denso,unknown,2013-02-01,5.221729996346364,,,,
aixa_001_2014_12_dezembro_bases_relatório_executivo_31122014_v,treated,36202,40,colunar_denso,unknown,2014-12-01,7.404010828131042,,,,
aixa_001_2015_12_dezembro_bases_relatório_executivo_31122015v2,treated,39199,39,colunar_denso,unknown,2015-12-01,7.795070648714875,,,,
aixa_001_2016_02_fevereiro_relatorio_cidades__entregas_20160229,treated,289584,9,event_level,unknown,2016-02-29,0.0,,,,
atorio_executivo_30092012_v3_bases_relatório_executivo_3009201,treated,18124,40,colunar_denso,unknown,,7.481240344294858,,,,
b_2012_04_abril_cópia_de_rel_min_cidades_valores_25_04_2012_bd,treated,176,16,colunar_denso,unknown,2012-04-01,7.2443181818181825,,,,
bb_2011_01_janeiro_rel_11jan2011,error,0,0,sub_tabelas_3,,,0.0,,,,"(psycopg2.errors.DuplicateColumn) column ""relatorio_2_total_das_contratacoes_por_uf_regiao_geografica_e_p"" specified more than once

[SQL: 
CREATE TABLE dados_historicos_formatados.bb_2011_01_janeiro_rel_11jan2011 (
	""4926_262140554_47128394"" TEXT, 
	aprovado_cef_meta_r_0 TEXT, 
	aprovado_cef_meta_r_20000000 TEXT, 
	aprovado_cef_quantidade_unidades_0 BIGINT, 
	aprovado_cef_valor_total_0 FLOAT(53), 
	contratacao_total_quantidade_unidades_0 FLOAT(53), 
	contratacao_total_valor_0 FLOAT(53), 
	desligamento_plano_piloto_0 TEXT, 
	desligamento_plano_piloto_meta_r_15750000 TEXT, 
	desligamento_plano_piloto_quantidade_unidades_df BIGINT, 
	desligamento_plano_piloto_total_de_financ_pf_contratados_desligamento_0 FLOAT(53), 
	posicao_contratacao_total TEXT, 
	posicao_contratacao_total_1 FLOAT(53), 
	posicao_contratacao_total_meta FLOAT(53), 
	relatorio_2_total_das_contratacoes_por_uf_regiao_geografica_e_publico_alvo_aprovado_cef_quantidade_unidades FLOAT(53), 
	relatorio_2_total_das_contratacoes_por_uf_regiao_geografica_e_publico_alvo_aprovado_cef_valor_total FLOAT(53), 
	relatorio_2_total_das_contratacoes_por_uf_regiao_geografica_e_publico_alvo_contratacao_total_quantidade_unidades FLOAT(53), 
	relatorio_2_total_das_contratacoes_por_uf_regiao_geografica_e_publico_alvo_contratacao_total_quantidade_unidades_1 FLOAT(53), 
	relatorio_2_total_das_contratacoes_por_uf_regiao_geografica_e_publico_alvo_desligamento_quantidade_unidades FLOAT(53), 
	relatorio_2_total_das_contratacoes_por_uf_regiao_geografica_e_publico_alvo_desligamento_valor_total FLOAT(53), 
	relatorio_2_total_das_contratacoes_por_uf_regiao_geografica_e_publico_alvo_publico_alvo FLOAT(53), 
	relatorio_2_total_das_contratacoes_por_uf_regiao_geografica_e_publico_alvo_uf TEXT, 
	uf_df TEXT, 
	sub_table_index BIGINT, 
	source_table TEXT, 
	report_date TEXT, 
	institution TEXT, 
	profile TEXT
)

]
(Background on this error at: https://sqlalche.me/e/20/f405)"
bb_2011_01_janeiro_rel_25jan2011,error,0,0,sub_tabelas_3,,,0.0,,,,"(psycopg2.errors.DuplicateColumn) column ""relatorio_2_total_das_contratacoes_por_uf_regiao_geografica_e_p"" specified more than once

[SQL: 
CREATE TABLE dados_historicos_formatados.bb_2011_01_janeiro_rel_25jan2011 (
	aprovado_cef_financ_a_producao_pj_e_repasse_meta_r_0 TEXT, 
	aprovado_cef_financ_a_producao_pj_e_repasse_meta_r_20000000 TEXT, 
	aprovado_cef_financ_a_producao_pj_e_repasse_total_financ_pf_0 FLOAT(53), 
	aprovado_cef_financ_a_producao_pj_e_repasse_total_financ_a_producao_pj_0 FLOAT(53), 
	contratacao_total_quantidade_unidades_0 FLOAT(53), 
	contratacao_total_valor_0 FLOAT(53), 
	desligamento_plano_piloto_0 TEXT, 
	desligamento_plano_piloto_meta_r_15750000 TEXT, 
	desligamento_plano_piloto_quantidade_unidades_0 BIGINT, 
	desligamento_plano_piloto_quantidade_unidades_df BIGINT, 
	desligamento_plano_piloto_total_financ_pf_0 FLOAT(53), 
	desligamento_plano_piloto_unid_disponiveis_0 TEXT, 
	desligamento_plano_piloto_unid_disponiveis_0_1 TEXT, 
	desligamento_plano_piloto_unid_financ_pf_0 TEXT, 
	desligamento_plano_piloto_unid_financ_pf_df TEXT, 
	posicao_contratacao_total TEXT, 
	posicao_contratacao_total_1 FLOAT(53), 
	posicao_contratacao_total_2 FLOAT(53), 
	posicao_contratacao_total_3 FLOAT(53), 
	posicao_contratacao_total_4 FLOAT(53), 
	posicao_contratacao_total_5 FLOAT(53), 
	posicao_contratacao_total_6 FLOAT(53), 
	posicao_contratacao_total_meta FLOAT(53), 
	relatorio_2_total_das_contratacoes_por_uf_regiao_geografica_e_publico_alvo_aprovado_cef_quantidade_unidades FLOAT(53), 
	relatorio_2_total_das_contratacoes_por_uf_regiao_geografica_e_publico_alvo_aprovado_cef_valor_total FLOAT(53), 
	relatorio_2_total_das_contratacoes_por_uf_regiao_geografica_e_publico_alvo_contratacao_total_quantidade_unidades FLOAT(53), 
	relatorio_2_total_das_contratacoes_por_uf_regiao_geografica_e_publico_alvo_contratacao_total_quantidade_unidades_1 FLOAT(53), 
	relatorio_2_total_das_contratacoes_por_uf_regiao_geografica_e_publico_alvo_desligamento_quantidade_unidades FLOAT(53), 
	relatorio_2_total_das_contratacoes_por_uf_regiao_geografica_e_publico_alvo_desligamento_valor_total FLOAT(53), 
	relatorio_2_total_das_contratacoes_por_uf_regiao_geografica_e_publico_alvo_publico_alvo FLOAT(53), 
	relatorio_2_total_das_contratacoes_por_uf_regiao_geografica_e_publico_alvo_uf TEXT, 
	uf_df TEXT, 
	sub_table_index BIGINT, 
	source_table TEXT, 
	report_date TEXT, 
	institution TEXT, 
	profile TEXT
)

]
(Background on this error at: https://sqlalche.me/e/20/f405)"
bb_2011_02_fevereiro_dados_22022011,treated,12,16,colunar_denso,bb,2011-02-01,15.625,,,,
bb_2011_02_fevereiro_relatório_mcmv_bb_08_02_2011,error,0,0,sub_tabelas_3,,,0.0,,,,"(psycopg2.errors.DuplicateColumn) column ""relatorio_2_total_das_contratacoes_por_uf_regiao_geografica_e_p"" specified more than once

[SQL: 
CREATE TABLE dados_historicos_formatados.bb_2011_02_fevereiro_relat_rio_mcmv_bb_08_02_2011 (
	aprovado_cef_financ_a_producao_pj_e_repasse_meta_r_0 TEXT, 
	aprovado_cef_financ_a_producao_pj_e_repasse_meta_pj_r_20000000 TEXT, 
	aprovado_cef_financ_a_producao_pj_e_repasse_total_financ_pf_0 FLOAT(53), 
	aprovado_cef_financ_a_producao_pj_e_repasse_total_financ_a_producao_pj_0 FLOAT(53), 
	contratacao_total_quantidade_unidades_0 FLOAT(53), 
	contratacao_total_valor_0 FLOAT(53), 
	desligamento_plano_piloto_0 TEXT, 
	desligamento_plano_piloto_meta_r_15750000 TEXT, 
	desligamento_plano_piloto_quantidade_unidades_0 BIGINT, 
	desligamento_plano_piloto_quantidade_unidades_df BIGINT, 
	desligamento_plano_piloto_total_financ_pf_0 FLOAT(53), 
	desligamento_plano_piloto_unid_disponiveis_0 TEXT, 
	desligamento_plano_piloto_unid_disponiveis_0_1 TEXT, 
	desligamento_plano_piloto_unid_financ_pf_0 TEXT, 
	desligamento_plano_piloto_unid_financ_pf_df TEXT, 
	posicao_contratacao_total TEXT, 
	posicao_contratacao_total_1 FLOAT(53), 
	posicao_contratacao_total_2 FLOAT(53), 
	posicao_contratacao_total_3 FLOAT(53), 
	posicao_contratacao_total_4 FLOAT(53), 
	posicao_contratacao_total_5 FLOAT(53), 
	posicao_contratacao_total_6 FLOAT(53), 
	posicao_contratacao_total_meta FLOAT(53), 
	relatorio_2_total_das_contratacoes_por_uf_regiao_geografica_e_publico_alvo_aprovado_cef_quantidade_unidades FLOAT(53), 
	relatorio_2_total_das_contratacoes_por_uf_regiao_geografica_e_publico_alvo_aprovado_cef_valor_total FLOAT(53), 
	relatorio_2_total_das_contratacoes_por_uf_regiao_geografica_e_publico_alvo_contratacao_total_quantidade_unidades FLOAT(53), 
	relatorio_2_total_das_contratacoes_por_uf_regiao_geografica_e_publico_alvo_contratacao_total_quantidade_unidades_1 FLOAT(53), 
	relatorio_2_total_das_contratacoes_por_uf_regiao_geografica_e_publico_alvo_desligamento_quantidade_unidades FLOAT(53), 
	relatorio_2_total_das_contratacoes_por_uf_regiao_geografica_e_publico_alvo_desligamento_valor_total FLOAT(53), 
	relatorio_2_total_das_contratacoes_por_uf_regiao_geografica_e_publico_alvo_publico_alvo FLOAT(53), 
	relatorio_2_total_das_contratacoes_por_uf_regiao_geografica_e_publico_alvo_uf TEXT, 
	uf_df TEXT, 
	sub_table_index BIGINT, 
	source_table TEXT, 
	report_date TEXT, 
	institution TEXT, 
	profile TEXT
)

]
(Background on this error at: https://sqlalche.me/e/20/f405)"
bb_2011_02_fevereiro_relatório_mcmv_bb_16_02_2011,error,0,0,sub_tabelas_3,,,0.0,,,,"(psycopg2.errors.DuplicateColumn) column ""relatorio_2_total_das_contratacoes_por_uf_regiao_geografica_e_p"" specified more than once

[SQL: 
CREATE TABLE dados_historicos_formatados.bb_2011_02_fevereiro_relat_rio_mcmv_bb_16_02_2011 (
	aprovado_cef_financ_a_producao_pj_e_repasse_meta_r_0 TEXT, 
	aprovado_cef_financ_a_producao_pj_e_repasse_meta_pj_r_20000000 TEXT, 
	aprovado_cef_financ_a_producao_pj_e_repasse_total_financ_pf_0 FLOAT(53), 
	aprovado_cef_financ_a_producao_pj_e_repasse_total_financ_a_producao_pj_0 FLOAT(53), 
	contratacao_total_quantidade_unidades_0 FLOAT(53), 
	contratacao_total_valor_0 FLOAT(53), 
	desligamento_plano_piloto_0 TEXT, 
	desligamento_plano_piloto_meta_r_15750000 TEXT, 
	desligamento_plano_piloto_quantidade_unidades_0 BIGINT, 
	desligamento_plano_piloto_quantidade_unidades_df BIGINT, 
	desligamento_plano_piloto_total_financ_pf_0 FLOAT(53), 
	desligamento_plano_piloto_unid_disponiveis_0 TEXT, 
	desligamento_plano_piloto_unid_disponiveis_0_1 TEXT, 
	desligamento_plano_piloto_unid_financ_pf_0 TEXT, 
	desligamento_plano_piloto_unid_financ_pf_df TEXT, 
	posicao_contratacao_total TEXT, 
	posicao_contratacao_total_1 FLOAT(53), 
	posicao_contratacao_total_2 FLOAT(53), 
	posicao_contratacao_total_3 FLOAT(53), 
	posicao_contratacao_total_4 FLOAT(53), 
	posicao_contratacao_total_5 FLOAT(53), 
	posicao_contratacao_total_6 FLOAT(53), 
	posicao_contratacao_total_meta FLOAT(53), 
	relatorio_2_total_das_contratacoes_por_uf_regiao_geografica_e_publico_alvo_aprovado_cef_quantidade_unidades FLOAT(53), 
	relatorio_2_total_das_contratacoes_por_uf_regiao_geografica_e_publico_alvo_aprovado_cef_valor_total FLOAT(53), 
	relatorio_2_total_das_contratacoes_por_uf_regiao_geografica_e_publico_alvo_contratacao_total_quantidade_unidades FLOAT(53), 
	relatorio_2_total_das_contratacoes_por_uf_regiao_geografica_e_publico_alvo_contratacao_total_quantidade_unidades_1 FLOAT(53), 
	relatorio_2_total_das_contratacoes_por_uf_regiao_geografica_e_publico_alvo_desligamento_quantidade_unidades FLOAT(53), 
	relatorio_2_total_das_contratacoes_por_uf_regiao_geografica_e_publico_alvo_desligamento_valor_total FLOAT(53), 
	relatorio_2_total_das_contratacoes_por_uf_regiao_geografica_e_publico_alvo_publico_alvo FLOAT(53), 
	relatorio_2_total_das_contratacoes_por_uf_regiao_geografica_e_publico_alvo_uf TEXT, 
	uf_df TEXT, 
	sub_table_index BIGINT, 
	source_table TEXT, 
	report_date TEXT, 
	institution TEXT, 
	profile TEXT
)

]
(Background on this error at: https://sqlalche.me/e/20/f405)"
bb_2011_03_março_relatorio_min_cidades___22mar11,error,0,0,sub_tabelas_3,,,0.0,,,,"(psycopg2.errors.DuplicateColumn) column ""relatorio_2_total_das_contratacoes_por_uf_regiao_geografica_e_p"" specified more than once

[SQL: 
CREATE TABLE dados_historicos_formatados.bb_2011_03_mar_o_relatorio_min_cidades___22mar11 (
	aprovado_cef_financ_a_producao_pj_e_repasse_meta_r_0 TEXT, 
	aprovado_cef_financ_a_producao_pj_e_repasse_meta_r_20000000 TEXT, 
	aprovado_cef_financ_a_producao_pj_e_repasse_total_financ_pf_0 FLOAT(53), 
	aprovado_cef_financ_a_producao_pj_e_repasse_total_financ_a_producao_pj_0 FLOAT(53), 
	contratacao_total_quantidade_unidades_0 FLOAT(53), 
	contratacao_total_valor_0 FLOAT(53), 
	desligamento_plano_piloto_0 TEXT, 
	desligamento_plano_piloto_meta_r_15750000 TEXT, 
	desligamento_plano_piloto_quantidade_unidades_0 BIGINT, 
	desligamento_plano_piloto_quantidade_unidades_df BIGINT, 
	desligamento_plano_piloto_total_financ_pf_0 FLOAT(53), 
	desligamento_plano_piloto_unid_disponiveis_0 TEXT, 
	desligamento_plano_piloto_unid_disponiveis_0_1 TEXT, 
	desligamento_plano_piloto_unid_financ_pf_0 TEXT, 
	desligamento_plano_piloto_unid_financ_pf_df TEXT, 
	posicao_contratacao_total TEXT, 
	posicao_contratacao_total_1 FLOAT(53), 
	posicao_contratacao_total_2 FLOAT(53), 
	posicao_contratacao_total_3 FLOAT(53), 
	posicao_contratacao_total_4 FLOAT(53), 
	posicao_contratacao_total_5 FLOAT(53), 
	posicao_contratacao_total_6 FLOAT(53), 
	posicao_contratacao_total_meta FLOAT(53), 
	relatorio_2_total_das_contratacoes_por_uf_regiao_geografica_e_publico_alvo_aprovado_cef_quantidade_unidades FLOAT(53), 
	relatorio_2_total_das_contratacoes_por_uf_regiao_geografica_e_publico_alvo_aprovado_cef_valor_total FLOAT(53), 
	relatorio_2_total_das_contratacoes_por_uf_regiao_geografica_e_publico_alvo_contratacao_total_unidades FLOAT(53), 
	relatorio_2_total_das_contratacoes_por_uf_regiao_geografica_e_publico_alvo_contratacao_total_valor_r FLOAT(53), 
	relatorio_2_total_das_contratacoes_por_uf_regiao_geografica_e_publico_alvo_desligamento_quantidade_unidades FLOAT(53), 
	relatorio_2_total_das_contratacoes_por_uf_regiao_geografica_e_publico_alvo_desligamento_valor_total FLOAT(53), 
	relatorio_2_total_das_contratacoes_por_uf_regiao_geografica_e_publico_alvo_publico_alvo FLOAT(53), 
	relatorio_2_total_das_contratacoes_por_uf_regiao_geografica_e_publico_alvo_uf TEXT, 
	uf_df TEXT, 
	sub_table_index BIGINT, 
	source_table TEXT, 
	report_date TEXT, 
	institution TEXT, 
	profile TEXT
)

]
(Background on this error at: https://sqlalche.me/e/20/f405)"
bb_2011_04_abril_relatorio_min_cidades___18abr11,error,0,0,sub_tabelas_3,,,0.0,,,,"(psycopg2.errors.DuplicateColumn) column ""relatorio_2_total_das_contratacoes_por_uf_regiao_geografica_e_p"" specified more than once

[SQL: 
CREATE TABLE dados_historicos_formatados.bb_2011_04_abril_relatorio_min_cidades___18abr11 (
	aprovado_cef_financ_a_producao_pj_e_repasse_meta_r_0 TEXT, 
	aprovado_cef_financ_a_producao_pj_e_repasse_meta_r_20000000 TEXT, 
	aprovado_cef_financ_a_producao_pj_e_repasse_total_financ_pf_0 FLOAT(53), 
	aprovado_cef_financ_a_producao_pj_e_repasse_total_financ_a_producao_pj_0 FLOAT(53), 
	contratacao_total_quantidade_unidades_0 FLOAT(53), 
	contratacao_total_valor_0 FLOAT(53), 
	desligamento_plano_piloto_0 TEXT, 
	desligamento_plano_piloto_meta_r_15750000 TEXT, 
	desligamento_plano_piloto_quantidade_unidades_0 BIGINT, 
	desligamento_plano_piloto_quantidade_unidades_df BIGINT, 
	desligamento_plano_piloto_total_financ_pf_0 FLOAT(53), 
	desligamento_plano_piloto_unid_disponiveis_0 TEXT, 
	desligamento_plano_piloto_unid_disponiveis_0_1 TEXT, 
	desligamento_plano_piloto_unid_financ_pf_0 TEXT, 
	desligamento_plano_piloto_unid_financ_pf_df TEXT, 
	posicao_contratacao_total TEXT, 
	posicao_contratacao_total_1 FLOAT(53), 
	posicao_contratacao_total_2 FLOAT(53), 
	posicao_contratacao_total_3 FLOAT(53), 
	posicao_contratacao_total_4 FLOAT(53), 
	posicao_contratacao_total_5 FLOAT(53), 
	posicao_contratacao_total_6 FLOAT(53), 
	posicao_contratacao_total_meta FLOAT(53), 
	relatorio_2_total_das_contratacoes_por_uf_regiao_geografica_e_publico_alvo_aprovado_cef_quantidade_unidades FLOAT(53), 
	relatorio_2_total_das_contratacoes_por_uf_regiao_geografica_e_publico_alvo_aprovado_cef_valor_total FLOAT(53), 
	relatorio_2_total_das_contratacoes_por_uf_regiao_geografica_e_publico_alvo_contratacao_total_unidades FLOAT(53), 
	relatorio_2_total_das_contratacoes_por_uf_regiao_geografica_e_publico_alvo_contratacao_total_valor_r FLOAT(53), 
	relatorio_2_total_das_contratacoes_por_uf_regiao_geografica_e_publico_alvo_desligamento_quantidade_unidades FLOAT(53), 
	relatorio_2_total_das_contratacoes_por_uf_regiao_geografica_e_publico_alvo_desligamento_valor_total FLOAT(53), 
	relatorio_2_total_das_contratacoes_por_uf_regiao_geografica_e_publico_alvo_publico_alvo FLOAT(53), 
	relatorio_2_total_das_contratacoes_por_uf_regiao_geografica_e_publico_alvo_uf TEXT, 
	uf_df TEXT, 
	sub_table_index BIGINT, 
	source_table TEXT, 
	report_date TEXT, 
	institution TEXT, 
	profile TEXT
)

]
(Background on this error at: https://sqlalche.me/e/20/f405)"
bb_2011_05_maio_relatorio_min_cidades___10mai11,error,0,0,sub_tabelas_3,,,0.0,,,,"(psycopg2.errors.DuplicateColumn) column ""relatorio_2_total_das_contratacoes_por_uf_regiao_geografica_e_p"" specified more than once

[SQL: 
CREATE TABLE dados_historicos_formatados.bb_2011_05_maio_relatorio_min_cidades___10mai11 (
	aprovado_cef_financ_a_producao_pj_e_repasse_meta_r_0 TEXT, 
	aprovado_cef_financ_a_producao_pj_e_repasse_meta_r_20000000 TEXT, 
	aprovado_cef_financ_a_producao_pj_e_repasse_total_financ_pf_0 FLOAT(53), 
	aprovado_cef_financ_a_producao_pj_e_repasse_total_financ_a_producao_pj_0 FLOAT(53), 
	contratacao_total_quantidade_unidades_0 FLOAT(53), 
	contratacao_total_valor_0 FLOAT(53), 
	desligamento_plano_piloto_0 TEXT, 
	desligamento_plano_piloto_meta_r_15750000 TEXT, 
	desligamento_plano_piloto_quantidade_unidades_0 BIGINT, 
	desligamento_plano_piloto_quantidade_unidades_df BIGINT, 
	desligamento_plano_piloto_total_financ_pf_0 FLOAT(53), 
	desligamento_plano_piloto_unid_disponiveis_0 TEXT, 
	desligamento_plano_piloto_unid_disponiveis_0_1 TEXT, 
	desligamento_plano_piloto_unid_financ_pf_0 TEXT, 
	desligamento_plano_piloto_unid_financ_pf_df TEXT, 
	posicao_contratacao_total TEXT, 
	posicao_contratacao_total_1 FLOAT(53), 
	posicao_contratacao_total_2 FLOAT(53), 
	posicao_contratacao_total_3 FLOAT(53), 
	posicao_contratacao_total_4 FLOAT(53), 
	posicao_contratacao_total_5 FLOAT(53), 
	posicao_contratacao_total_6 FLOAT(53), 
	posicao_contratacao_total_meta FLOAT(53), 
	relatorio_2_total_das_contratacoes_por_uf_regiao_geografica_e_publico_alvo_aprovado_cef_quantidade_unidades FLOAT(53), 
	relatorio_2_total_das_contratacoes_por_uf_regiao_geografica_e_publico_alvo_aprovado_cef_valor_total FLOAT(53), 
	relatorio_2_total_das_contratacoes_por_uf_regiao_geografica_e_publico_alvo_contratacao_total_unidades FLOAT(53), 
	relatorio_2_total_das_contratacoes_por_uf_regiao_geografica_e_publico_alvo_contratacao_total_valor_r FLOAT(53), 
	relatorio_2_total_das_contratacoes_por_uf_regiao_geografica_e_publico_alvo_desligamento_quantidade_unidades FLOAT(53), 
	relatorio_2_total_das_contratacoes_por_uf_regiao_geografica_e_publico_alvo_desligamento_valor_total FLOAT(53), 
	relatorio_2_total_das_contratacoes_por_uf_regiao_geografica_e_publico_alvo_publico_alvo FLOAT(53), 
	relatorio_2_total_das_contratacoes_por_uf_regiao_geografica_e_publico_alvo_uf TEXT, 
	uf_df TEXT, 
	sub_table_index BIGINT, 
	source_table TEXT, 
	report_date TEXT, 
	institution TEXT, 
	profile TEXT
)

]
(Background on this error at: https://sqlalche.me/e/20/f405)"
bb_2011_05_maio_relatorio_min_cidades___24mai11,error,0,0,sub_tabelas_3,,,0.0,,,,"(psycopg2.errors.DuplicateColumn) column ""relatorio_2_total_das_contratacoes_por_uf_regiao_geografica_e_p"" specified more than once

[SQL: 
CREATE TABLE dados_historicos_formatados.bb_2011_05_maio_relatorio_min_cidades___24mai11 (
	aprovado_cef_financ_a_producao_pj_e_repasse_meta_r_0 TEXT, 
	aprovado_cef_financ_a_producao_pj_e_repasse_meta_r_20000000 TEXT, 
	aprovado_cef_financ_a_producao_pj_e_repasse_total_financ_pf_0 FLOAT(53), 
	aprovado_cef_financ_a_producao_pj_e_repasse_total_financ_a_producao_pj_0 FLOAT(53), 
	contratacao_total_quantidade_unidades_0 FLOAT(53), 
	contratacao_total_valor_0 FLOAT(53), 
	desligamento_plano_piloto_0 TEXT, 
	desligamento_plano_piloto_meta_r_15750000 TEXT, 
	desligamento_plano_piloto_quantidade_unidades_0 BIGINT, 
	desligamento_plano_piloto_quantidade_unidades_df BIGINT, 
	desligamento_plano_piloto_total_financ_pf_0 FLOAT(53), 
	desligamento_plano_piloto_unid_disponiveis_0 TEXT, 
	desligamento_plano_piloto_unid_disponiveis_0_1 TEXT, 
	desligamento_plano_piloto_unid_financ_pf_0 TEXT, 
	desligamento_plano_piloto_unid_financ_pf_df TEXT, 
	posicao_contratacao_total TEXT, 
	posicao_contratacao_total_1 FLOAT(53), 
	posicao_contratacao_total_2 FLOAT(53), 
	posicao_contratacao_total_3 FLOAT(53), 
	posicao_contratacao_total_4 FLOAT(53), 
	posicao_contratacao_total_5 FLOAT(53), 
	posicao_contratacao_total_6 FLOAT(53), 
	posicao_contratacao_total_meta FLOAT(53), 
	relatorio_2_total_das_contratacoes_por_uf_regiao_geografica_e_publico_alvo_aprovado_cef_quantidade_unidades FLOAT(53), 
	relatorio_2_total_das_contratacoes_por_uf_regiao_geografica_e_publico_alvo_aprovado_cef_valor_total FLOAT(53), 
	relatorio_2_total_das_contratacoes_por_uf_regiao_geografica_e_publico_alvo_contratacao_total_unidades FLOAT(53), 
	relatorio_2_total_das_contratacoes_por_uf_regiao_geografica_e_publico_alvo_contratacao_total_valor_r FLOAT(53), 
	relatorio_2_total_das_contratacoes_por_uf_regiao_geografica_e_publico_alvo_desligamento_quantidade_unidades FLOAT(53), 
	relatorio_2_total_das_contratacoes_por_uf_regiao_geografica_e_publico_alvo_desligamento_valor_total FLOAT(53), 
	relatorio_2_total_das_contratacoes_por_uf_regiao_geografica_e_publico_alvo_publico_alvo FLOAT(53), 
	relatorio_2_total_das_contratacoes_por_uf_regiao_geografica_e_publico_alvo_uf TEXT, 
	uf_df TEXT, 
	sub_table_index BIGINT, 
	source_table TEXT, 
	report_date TEXT, 
	institution TEXT, 
	profile TEXT
)

]
(Background on this error at: https://sqlalche.me/e/20/f405)"
bb_2013_08_agosto_entrada_bb_20130802,treated,680,34,colunar_denso,bb,2013-08-02,2.9930795847750864,,,,
bb_2013_10_outubro_entrada_bb_20131105,treated,848,34,colunar_denso,bb,2013-11-05,3.017480577136515,,,,
bb_2018_2018_08_06_pf_pf,treated,239848,20,colunar_denso,bb,2018-08-01,0.0,,,,
bb_2011_06_junho_relatorio_min_cidades___07jun11,error,0,0,sub_tabelas_3,,,0.0,,,,"(psycopg2.errors.DuplicateColumn) column ""relatorio_2_total_das_contratacoes_por_uf_regiao_geografica_e_p"" specified more than once

[SQL: 
CREATE TABLE dados_historicos_formatados.bb_2011_06_junho_relatorio_min_cidades___07jun11 (
	aprovado_cef_financ_a_producao_pj_e_repasse_meta_r_0 TEXT, 
	aprovado_cef_financ_a_producao_pj_e_repasse_meta_r_20000000 TEXT, 
	aprovado_cef_financ_a_producao_pj_e_repasse_total_financ_pf_0 FLOAT(53), 
	aprovado_cef_financ_a_producao_pj_e_repasse_total_financ_a_producao_pj_0 FLOAT(53), 
	contratacao_total_quantidade_unidades_0 FLOAT(53), 
	contratacao_total_valor_0 FLOAT(53), 
	desligamento_plano_piloto_0 TEXT, 
	desligamento_plano_piloto_meta_r_15750000 TEXT, 
	desligamento_plano_piloto_quantidade_unidades_0 BIGINT, 
	desligamento_plano_piloto_quantidade_unidades_0_1 BIGINT, 
	desligamento_plano_piloto_total_financ_pf_0 FLOAT(53), 
	desligamento_plano_piloto_unid_disponiveis_0 TEXT, 
	desligamento_plano_piloto_unid_disponiveis_0_1 TEXT, 
	desligamento_plano_piloto_unid_financ_pf_0 TEXT, 
	desligamento_plano_piloto_unid_financ_pf_0_1 TEXT, 
	posicao_contratacao_total TEXT, 
	posicao_contratacao_total_1 FLOAT(53), 
	posicao_contratacao_total_2 FLOAT(53), 
	posicao_contratacao_total_3 FLOAT(53), 
	posicao_contratacao_total_4 FLOAT(53), 
	posicao_contratacao_total_5 FLOAT(53), 
	posicao_contratacao_total_6 FLOAT(53), 
	posicao_contratacao_total_meta FLOAT(53), 
	relatorio_2_total_das_contratacoes_por_uf_regiao_geografica_e_publico_alvo_aprovado_cef_quantidade_unidades FLOAT(53), 
	relatorio_2_total_das_contratacoes_por_uf_regiao_geografica_e_publico_alvo_aprovado_cef_valor_total FLOAT(53), 
	relatorio_2_total_das_contratacoes_por_uf_regiao_geografica_e_publico_alvo_contratacao_total_unidades FLOAT(53), 
	relatorio_2_total_das_contratacoes_por_uf_regiao_geografica_e_publico_alvo_contratacao_total_valor_r FLOAT(53), 
	relatorio_2_total_das_contratacoes_por_uf_regiao_geografica_e_publico_alvo_desligamento_quantidade_unidades FLOAT(53), 
	relatorio_2_total_das_contratacoes_por_uf_regiao_geografica_e_publico_alvo_desligamento_valor_total FLOAT(53), 
	relatorio_2_total_das_contratacoes_por_uf_regiao_geografica_e_publico_alvo_publico_alvo FLOAT(53), 
	relatorio_2_total_das_contratacoes_por_uf_regiao_geografica_e_publico_alvo_uf TEXT, 
	uf_df TEXT, 
	sub_table_index BIGINT, 
	source_table TEXT, 
	report_date TEXT, 
	institution TEXT, 
	profile TEXT
)

]
(Background on this error at: https://sqlalche.me/e/20/f405)"
bb_2011_07_julho_relatorio_min__cidades_19jul11,error,0,0,sub_tabelas_3,,,0.0,,,,"(psycopg2.errors.DuplicateColumn) column ""relatorio_2_total_das_contratacoes_por_uf_regiao_geografica_e_p"" specified more than once

[SQL: 
CREATE TABLE dados_historicos_formatados.bb_2011_07_julho_relatorio_min__cidades_19jul11 (
	aprovado_cef_financ_a_producao_pj_e_repasse_meta_r_0 TEXT, 
	aprovado_cef_financ_a_producao_pj_e_repasse_meta_r_20000000 TEXT, 
	aprovado_cef_financ_a_producao_pj_e_repasse_total_financ_pf_0 FLOAT(53), 
	aprovado_cef_financ_a_producao_pj_e_repasse_total_financ_a_producao_pj_0 FLOAT(53), 
	contratacao_total_quantidade_unidades_0 FLOAT(53), 
	contratacao_total_valor_0 FLOAT(53), 
	desligamento_plano_piloto_0 TEXT, 
	desligamento_plano_piloto_meta_r_15750000 TEXT, 
	desligamento_plano_piloto_quantidade_unidades_0 BIGINT, 
	desligamento_plano_piloto_quantidade_unidades_0_1 BIGINT, 
	desligamento_plano_piloto_total_financ_pf_0 FLOAT(53), 
	desligamento_plano_piloto_unid_disponiveis_0 TEXT, 
	desligamento_plano_piloto_unid_disponiveis_0_1 TEXT, 
	desligamento_plano_piloto_unid_financ_pf_0 TEXT, 
	desligamento_plano_piloto_unid_financ_pf_0_1 TEXT, 
	posicao_contratacao_total TEXT, 
	posicao_contratacao_total_1 FLOAT(53), 
	posicao_contratacao_total_2 FLOAT(53), 
	posicao_contratacao_total_3 FLOAT(53), 
	posicao_contratacao_total_4 FLOAT(53), 
	posicao_contratacao_total_5 FLOAT(53), 
	posicao_contratacao_total_6 FLOAT(53), 
	posicao_contratacao_total_meta FLOAT(53), 
	relatorio_2_total_das_contratacoes_por_uf_regiao_geografica_e_publico_alvo_aprovado_cef_quantidade_unidades FLOAT(53), 
	relatorio_2_total_das_contratacoes_por_uf_regiao_geografica_e_publico_alvo_aprovado_cef_valor_total FLOAT(53), 
	relatorio_2_total_das_contratacoes_por_uf_regiao_geografica_e_publico_alvo_contratacao_total_unidades FLOAT(53), 
	relatorio_2_total_das_contratacoes_por_uf_regiao_geografica_e_publico_alvo_contratacao_total_valor_r FLOAT(53), 
	relatorio_2_total_das_contratacoes_por_uf_regiao_geografica_e_publico_alvo_desligamento_quantidade_unidades FLOAT(53), 
	relatorio_2_total_das_contratacoes_por_uf_regiao_geografica_e_publico_alvo_desligamento_valor_total FLOAT(53), 
	relatorio_2_total_das_contratacoes_por_uf_regiao_geografica_e_publico_alvo_publico_alvo FLOAT(53), 
	relatorio_2_total_das_contratacoes_por_uf_regiao_geografica_e_publico_alvo_uf TEXT, 
	uf_df TEXT, 
	sub_table_index BIGINT, 
	source_table TEXT, 
	report_date TEXT, 
	institution TEXT, 
	profile TEXT
)

]
(Background on this error at: https://sqlalche.me/e/20/f405)"
bb_2011_08_agosto_balanço_23_08_2011_min__planejamento,treated,8,12,agregado_uf,bb,2011-08-01,10.416666666666668,,,,
bb_2011_08_agosto_relatorio_min__cidades_16ago11,treated,104,16,colunar_denso,bb,2011-08-01,15.384615384615385,,,,
bb_2011_08_agosto_relatorio_min__cidades_30ago11,treated,104,16,colunar_denso,bb,2011-08-01,13.822115384615385,,,,
bb_2011_10_outubro_relatorio_min__cidades_25out11,treated,104,16,colunar_denso,bb,2011-10-01,13.581730769230768,,,,
bb_2012_01_janeiro_relatorio_min__cidades_17jan12,treated,108,16,colunar_denso,bb,2012-01-01,5.902777777777778,,,,
bb_2012_05_maio_z_relatorio_caixa_3105a,treated,436,28,colunar_denso,bb,2012-05-01,0.0,,,,
bb_2012_10_outubro_entrada_bb_20121023,treated,178,34,colunar_denso,bb,2012-10-23,3.1394580304031723,,,,
bb_2012_10_outubro_entrada_bb_20121031,treated,178,34,colunar_denso,bb,2012-10-31,3.1394580304031723,,,,
bb_2012_10_outubro_entrada_bb_20121031_ajustada,treated,176,34,colunar_denso,bb,2012-10-01,2.606951871657754,,,,
bb_2012_11_novembro_entrada_bb_20121113,treated,304,34,colunar_denso,bb,2012-11-13,8.204334365325078,,,,
bb_2012_11_novembro_entrada_bb_20121119,treated,298,34,colunar_denso,bb,2012-11-19,4.105803395183577,,,,
bb_2012_11_novembro_entrada_bb_20121127,treated,308,34,colunar_denso,bb,2012-11-27,3.8579067990832696,,,,
bb_2012_11_novembro_entrada_bb_20121127v2,treated,310,34,colunar_denso,bb,2012-11-01,3.0550284629981026,,,,
bb_2012_11_novembro_entrada_bb_20121130,treated,308,34,colunar_denso,bb,2012-11-30,2.750190985485103,,,,
bb_2012_12_dezembro_entrada_bb_20121210,treated,308,34,colunar_denso,bb,2012-12-10,2.750190985485103,,,,
bb_2012_12_dezembro_entrada_bb_20121217,treated,310,34,colunar_denso,bb,2012-12-17,3.0550284629981026,,,,
bb_2012_12_dezembro_entrada_bb_20121228,treated,516,34,colunar_denso,bb,2012-12-28,2.827177382580939,,,,
bb_2013_01_janeiro_entrada_bb_20130107,treated,578,34,colunar_denso,bb,2013-01-07,10.97089354773051,,,,
bb_2013_01_janeiro_entrada_bb_20130121,treated,516,34,colunar_denso,bb,2013-01-21,2.827177382580939,,,,
bb_2013_01_janeiro_entrada_bb_20130128,treated,516,34,colunar_denso,bb,2013-01-28,2.827177382580939,,,,
bb_2013_02_fevereiro_entrada_bb_20130205,treated,516,34,colunar_denso,bb,2013-02-05,2.827177382580939,,,,
bb_2013_02_fevereiro_entrada_bb_20130219,treated,518,34,colunar_denso,bb,2013-02-19,3.0093118328412447,,,,
bb_2013_02_fevereiro_entrada_bb_20130226,treated,516,34,colunar_denso,bb,2013-02-26,2.827177382580939,,,,
bb_2013_03_marco_entrada_bb_20130305,treated,518,34,colunar_denso,bb,2013-03-05,3.0093118328412447,,,,
bb_2013_03_marco_entrada_bb_20130318,treated,518,34,colunar_denso,bb,2013-03-18,3.0093118328412447,,,,
bb_2013_03_marco_entrada_bb_20130401,treated,516,34,colunar_denso,bb,2013-04-01,2.827177382580939,,,,
bb_2013_03_marco_entrada_bb_20130415,treated,550,34,colunar_denso,bb,2013-04-15,3.0053475935828877,,,,
bb_2013_04_abril_entrada_bb_20130429,treated,552,34,colunar_denso,bb,2013-04-29,3.0051150895140664,,,,
bb_2013_05_maio_entrada_bb_20130506,treated,580,34,colunar_denso,bb,2013-05-06,7.657200811359026,,,,
bb_2013_05_maio_entrada_bb_20130513,treated,580,34,colunar_denso,bb,2013-05-13,6.561866125760648,,,,
bb_2013_06_junho_entrada_bb_20130604,treated,680,34,colunar_denso,bb,2013-06-04,2.9930795847750864,,,,
bb_2013_06_junho_entrada_bb_20130618,treated,680,34,colunar_denso,bb,2013-06-18,2.9930795847750864,,,,
bb_2013_06_junho_entrada_bb_20130630,treated,680,34,colunar_denso,bb,2013-06-30,2.9930795847750864,,,,
bb_2013_06_junho_pmcmv_18062013_tab_andamento_obras,treated,200,21,separador_pipe,bb,2013-06-01,0.0,0,0,0,
bb_2013_06_junho_pmcmv_18062013_tab_arquivos_dados,treated,2,6,separador_pipe,bb,2013-06-01,0.0,0,0,0,
bb_2013_06_junho_pmcmv_18062013_tab_beneficiarios_fgts,treated,30552,16,colunar_denso,bb,2013-06-01,1.4806722964126735,,,,
bb_2013_06_junho_pmcmv_18062013_tab_caracterizacoes_entornos,treated,146,20,separador_pipe,bb,2013-06-01,0.0,0,0,0,
bb_2013_06_junho_pmcmv_18062013_tab_contratos_pf_fgts,treated,38232,30,colunar_denso,bb,2013-06-01,2.3271953686266307,,,,
bb_2013_06_junho_pmcmv_18062013_tab_contratos_pj,treated,200,8,separador_pipe,bb,2013-06-01,0.0,0,0,0,
bb_2013_06_junho_pmcmv_18062013_tab_empreendimentos,treated,1374,7,lookup,bb,2013-06-01,0.0,,,,
bb_2013_06_junho_pmcmv_18062013_tab_operacoes,treated,1338,34,colunar_denso,bb,2013-06-01,1.7013980480084412,,,,
bb_2013_06_junho_pmcmv_18062013_tab_proponentes,treated,200,8,separador_pipe,bb,2013-06-01,0.0,0,0,0,
bb_2013_06_junho_pmcmv_18062013_tab_unidades_concluidas,treated,200,11,separador_pipe,bb,2013-06-01,0.0,0,0,0,
bb_2013_07_julho_entrada_bb_20130716,treated,680,34,colunar_denso,bb,2013-07-16,2.9930795847750864,,,,
bb_2013_11_novembro_entrada_bb_20131120,treated,926,34,colunar_denso,bb,2013-11-20,3.0110532333883877,,,,
bb_2013_11_novembro_entrada_bb_20131204,treated,926,34,colunar_denso,bb,2013-12-04,3.01740566637022,,,,
bb_2013_12_dezembro_entrada_bb_20131218,treated,1002,34,colunar_denso,bb,2013-12-18,3.005753199483386,,,,
bb_2013_12_dezembro_entrada_bb_20131223__aux_bb_far,treated,342,26,colunar_denso,bb,2013-12-01,1.6419253261358524,,,,
bb_2013_12_dezembro_entrada_bb_20140102,treated,1116,34,colunar_denso,bb,2014-01-02,2.9991566519080752,,,,
bb_2014_01_janeiro_entrada_bb_20140116,treated,1130,34,colunar_denso,bb,2014-01-16,2.9984383133784487,,,,
bb_2014_02_fevereiro_entrada_bb_20140217,treated,1036,34,colunar_denso,bb,2014-02-17,3.0036338859868272,,,,
bb_2014_02_fevereiro_entrada_bb_20140306,treated,1048,34,colunar_denso,bb,2014-03-06,3.002918724741805,,,,
bb_2014_03_marco_entrada_bb_20140401,treated,1174,34,colunar_denso,bb,2014-04-01,12.195610782643552,,,,
bb_2014_04_abril_entrada_bb_20140415,treated,1188,34,colunar_denso,bb,2014-04-15,9.546444840562488,,,,
bb_2014_04_abril_entrada_bb_20140430,treated,1188,34,colunar_denso,bb,2014-04-30,7.4074074074074066,,,,
bb_2014_05_maio_entrada_bb_20140516,treated,1188,34,colunar_denso,bb,2014-05-16,7.4074074074074066,,,,
bb_2014_05_maio_entrada_bb_20140530,treated,1132,34,colunar_denso,bb,2014-05-30,2.998337144044897,,,,
bb_2014_06_junho_entrada_bb_20140615,treated,1188,34,colunar_denso,bb,2014-06-15,6.738958209546444,,,,
bb_2014_06_junho_entrada_bb_20140625,treated,1214,34,colunar_denso,bb,2014-06-25,4.956875666246729,,,,
bb_2014_06_junho_entrada_bb_20140701,treated,1274,34,colunar_denso,bb,2014-07-01,2.991966017176101,,,,
bb_2014_07_julho_entrada_bb_20140731,treated,1278,34,colunar_denso,bb,2014-07-31,2.991807051459081,,,,
bb_2014_08_agosto_entrada_bb_20140818_antigo,treated,1442,34,colunar_denso,bb,2014-08-01,12.01762258301379,,,,
bb_2014_08_agosto_entrada_bb_20140829_antigo,treated,1442,34,colunar_denso,bb,2014-08-01,11.246634576160561,,,,
bb_2014_09_setembro_entrada_bb_20140930,treated,1442,34,colunar_denso,bb,2014-09-30,10.806070000815861,,,,
bb_2014_10_outubro_2014_10_30_min_cidades_pf_pf,treated,98270,20,colunar_denso,bb,2014-10-01,0.0,,,,
bb_2014_10_outubro_2014_10_30_min_cidades_pj,treated,1706,25,colunar_denso,bb,2014-10-01,0.0,,,,
bb_2014_10_outubro_2014_10_30_min_cidades_pj_pf,treated,148948,18,colunar_denso,bb,2014-10-01,0.0,,,,
bb_2014_10_outubro_2014_10_30_pnhr_30102014,treated,1678,25,colunar_denso,bb,2014-10-01,0.0,,,,
bb_2014_11_novembro_3011_min_cidades_pf_pf,treated,104880,20,colunar_denso,bb,2014-11-01,0.0,,,,
bb_2014_11_novembro_3011_min_cidades_pj,treated,1760,25,colunar_denso,bb,2014-11-01,0.0,,,,
bb_2014_11_novembro_3011_min_cidades_pj_pf,treated,157446,18,colunar_denso,bb,2014-11-01,0.0,,,,
bb_2014_11_novembro_3011_pnhr_30112014,treated,1864,25,colunar_denso,bb,2014-11-01,0.0,,,,
bb_2014_12_dezembro_min_cidades_pf_pf,treated,111596,20,colunar_denso,bb,2014-12-01,0.0,,,,
bb_2014_12_dezembro_min_cidades_pj,treated,1898,25,colunar_denso,bb,2014-12-01,0.004214963119072708,,,,
bb_2014_12_dezembro_min_cidades_pj_pf,treated,164470,18,colunar_denso,bb,2014-12-01,0.0,,,,
bb_2014_12_dezembro_pnhr_15122014,treated,1946,25,colunar_denso,bb,2014-12-01,0.0,,,,
bb_2014_12_dezembro_pnhr_20141231,treated,2032,25,colunar_denso,bb,2014-12-31,0.0,,,,
bb_2015_01_janeiro_2015_01_15_min_cidades_pf_pf,treated,114306,20,colunar_denso,bb,2015-01-01,0.0,,,,
bb_2015_01_janeiro_2015_01_15_min_cidades_pj,treated,1882,25,colunar_denso,bb,2015-01-01,0.0,,,,
bb_2015_01_janeiro_2015_01_15_min_cidades_pj_pf,treated,166454,18,colunar_denso,bb,2015-01-01,0.0,,,,
bb_2015_01_janeiro_2015_01_15_pnhr_15012015,treated,2042,25,colunar_denso,bb,2015-01-01,0.0,,,,
bb_2015_01_janeiro_2015_01_31_min_cidades_pf_pf,treated,117338,20,colunar_denso,bb,2015-01-01,0.0,,,,
bb_2015_01_janeiro_2015_01_31_min_cidades_pj,treated,1864,25,colunar_denso,bb,2015-01-01,0.0,,,,
bb_2015_01_janeiro_2015_01_31_min_cidades_pj_pf,treated,169260,18,colunar_denso,bb,2015-01-01,0.0,,,,
bb_2015_02_fevereiro_min_cidades_pf_pf,treated,123090,20,colunar_denso,bb,2015-02-01,0.0,,,,
bb_2015_02_fevereiro_min_cidades_pj,treated,1852,25,colunar_denso,bb,2015-02-01,0.0,,,,
bb_2015_02_fevereiro_min_cidades_pj_2015_02,treated,1852,25,colunar_denso,bb,2015-02-01,0.0,,,,
bb_2015_02_fevereiro_min_cidades_pj_pf,treated,175916,18,colunar_denso,bb,2015-02-01,0.0,,,,
bb_2015_02_fevereiro_pnhr_28022015,treated,2046,25,colunar_denso,bb,2015-02-01,0.0,,,,
bb_2015_03_marco_cgu_of_6263_tab_emp_20150831,discarded,0,0,vazia,bb,2015-08-31,0.0,0,0,0,
bb_2015_03_marco_min_cidades_pf_pf,treated,126234,20,colunar_denso,bb,2015-03-01,0.0,,,,
bb_2015_03_marco_min_cidades_pj,treated,1884,25,colunar_denso,bb,2015-03-01,0.0,,,,
bb_2015_03_marco_min_cidades_pj_2015_03,treated,1884,25,colunar_denso,bb,2015-03-01,0.0,,,,
bb_2015_03_marco_min_cidades_pj_pf,treated,180232,18,colunar_denso,bb,2015-03-01,0.0,,,,
bb_2015_03_marco_pnhr_15032015,treated,2042,25,colunar_denso,bb,2015-03-01,0.0,,,,
bb_2015_03_marco_pnhr_31032015,treated,2046,26,colunar_denso,bb,2015-03-01,0.0,,,,
bb_2015_04_abril_min_cidades_pf_pf,treated,135648,20,colunar_denso,bb,2015-04-01,0.0,,,,
bb_2015_04_abril_min_cidades_pj,treated,1878,25,colunar_denso,bb,2015-04-01,0.0,,,,
bb_2015_04_abril_min_cidades_pj_pf,treated,194400,18,colunar_denso,bb,2015-04-01,0.0,,,,
bb_2015_04_abril_pnhr_30042015,treated,2054,25,colunar_denso,bb,2015-04-01,0.0,,,,
bb_2015_05_maio_2015_05_31_min_cidades_pf_pf,treated,141620,20,colunar_denso,bb,2015-05-01,0.0,,,,
bb_2015_05_maio_2015_05_31_min_cidades_pj,treated,1884,25,colunar_denso,bb,2015-05-01,0.0,,,,
bb_2015_05_maio_2015_05_31_min_cidades_pj_pf,treated,200688,18,colunar_denso,bb,2015-05-01,0.0,,,,
bb_2015_06_junho_min_cidades_pf_pf,treated,148010,20,colunar_denso,bb,2015-06-01,0.0,,,,
bb_2015_06_junho_min_cidades_pj,treated,1940,25,colunar_denso,bb,2015-06-01,0.0,,,,
bb_2015_06_junho_min_cidades_pj_pf,treated,208324,18,colunar_denso,bb,2015-06-01,0.0,,,,
bb_2015_08_agosto_loginfesta,discarded,0,0,dados_sem_utilidade,bb,2015-08-01,0.0,0,0,0,
bb_2015_08_agosto_min_cidades_pf_pf,treated,157924,20,colunar_denso,bb,2015-08-01,0.0,,,,
bb_2015_08_agosto_min_cidades_pj,treated,1978,25,colunar_denso,bb,2015-08-01,0.0,,,,
bb_2015_08_agosto_min_cidades_pj_pf,treated,219008,18,colunar_denso,bb,2015-08-01,0.0,,,,
bb_2015_09_setembro_min_cidades_pf_pf,treated,163772,20,colunar_denso,bb,2015-09-01,0.0,,,,
bb_2015_09_setembro_min_cidades_pj,treated,1982,25,colunar_denso,bb,2015-09-01,0.0,,,,
bb_2015_09_setembro_min_cidades_pj_pf,treated,225374,18,colunar_denso,bb,2015-09-01,0.0,,,,
bb_2015_09_setembro_pnhr_30092015,treated,1774,25,colunar_denso,bb,2015-09-01,4.0,,,,
bb_2015_10_outubro_min_cidades_pf_pf,treated,169482,20,colunar_denso,bb,2015-10-01,0.0,,,,
bb_2015_10_outubro_min_cidades_pj,treated,2012,25,colunar_denso,bb,2015-10-01,0.0,,,,
bb_2015_10_outubro_min_cidades_pj_pf,treated,229446,18,colunar_denso,bb,2015-10-01,0.0,,,,
bb_2015_10_outubro_pnhr_31102015,treated,1942,25,colunar_denso,bb,2015-10-01,0.0,,,,
bb_2015_12_dezembro_min_cidades_pf_pf,treated,176774,20,colunar_denso,bb,2015-12-01,0.0,,,,
bb_2015_12_dezembro_min_cidades_pj,treated,2060,42,colunar_denso,bb,2015-12-01,3.7424872861766065,,,,
bb_2015_12_dezembro_min_cidades_pj_pf,treated,243122,18,colunar_denso,bb,2015-12-01,0.0,,,,
bb_2015_12_dezembro_pnhr_31122015,treated,1982,25,colunar_denso,bb,2015-12-01,0.0,,,,
bb_2016_01_janeiro_2016_01_31_min_cidades_pf_pf,treated,178032,20,colunar_denso,bb,2016-01-01,0.0,,,,
bb_2016_01_janeiro_2016_01_31_min_cidades_pj,treated,2074,25,colunar_denso,bb,2016-01-01,0.0,,,,
bb_2016_01_janeiro_2016_01_31_min_cidades_pj_pf,treated,244616,18,colunar_denso,bb,2016-01-01,0.0,,,,
bb_2016_01_janeiro_pnhr_31012016,treated,1988,25,colunar_denso,bb,2016-01-01,0.5311871227364184,,,,
bb_2016_02_fevereiro_2016_02_29_min_cidades_pf_pf,treated,181296,20,colunar_denso,bb,2016-02-01,0.0,,,,
bb_2016_02_fevereiro_2016_02_29_min_cidades_pj,treated,2066,25,colunar_denso,bb,2016-02-01,0.0,,,,
bb_2016_02_fevereiro_2016_02_29_min_cidades_pj_pf,treated,246374,18,colunar_denso,bb,2016-02-01,0.0,,,,
bb_2016_02_fevereiro_pnhr_29022016,treated,1982,25,colunar_denso,bb,2016-02-01,0.0,,,,
bb_2016_04_abril_min_cidades_pf_pf,treated,190980,20,colunar_denso,bb,2016-04-01,0.0,,,,
bb_2016_04_abril_min_cidades_pj,treated,2006,25,colunar_denso,bb,2016-04-01,0.0,,,,
bb_2016_04_abril_min_cidades_pj_pf,treated,286836,18,colunar_denso,bb,2016-04-01,0.0,,,,
bb_2016_04_abril_pnhr_30042016,treated,1994,25,colunar_denso,bb,2016-04-01,0.0,,,,
bb_2016_05_maio_2016_05_31_min_cidades_pf_pf,treated,192822,20,colunar_denso,bb,2016-05-01,5.0,,,,
bb_2016_05_maio_2016_05_31_min_cidades_pj,treated,1984,25,colunar_denso,bb,2016-05-01,4.0,,,,
bb_2016_05_maio_2016_05_31_min_cidades_pj_pf,treated,293560,18,colunar_denso,bb,2016-05-01,5.555555555555555,,,,
bb_2016_05_maio_pnhr_31052016,treated,1996,25,colunar_denso,bb,2016-05-01,0.004008016032064128,,,,
bb_2016_06_junho_2016_06_30_min_cidades_pf_pf,treated,196188,20,colunar_denso,bb,2016-06-01,0.0,,,,
bb_2016_06_junho_2016_06_30_min_cidades_pj,treated,1990,25,colunar_denso,bb,2016-06-01,0.0,,,,
bb_2016_06_junho_2016_06_30_min_cidades_pj_pf,treated,301590,18,colunar_denso,bb,2016-06-01,0.0,,,,
bb_2016_06_junho_pnhr_30062016,treated,2016,25,colunar_denso,bb,2016-06-01,0.23015873015873015,,,,
bb_2016_07_julho_2016_07_31_min_cidades_pj,treated,1986,25,colunar_denso,bb,2016-07-01,0.0,,,,
bb_2016_07_julho_min_cidades_pf_pf,treated,199028,20,colunar_denso,bb,2016-07-01,0.0,,,,
bb_2016_07_julho_min_cidades_pj_pf,treated,310302,18,colunar_denso,bb,2016-07-01,0.0,,,,
bb_2016_07_julho_pnhr_31072016,treated,2016,25,colunar_denso,bb,2016-07-01,0.0,,,,
bb_2018_2018_04_06_pf_pf,treated,230204,20,colunar_denso,bb,2018-04-01,0.0,,,,
bb_2018_2018_04_06_pj,treated,1962,26,colunar_denso,bb,2018-04-01,0.0,,,,
bb_2018_2018_04_06_pj_pf,treated,406360,18,colunar_denso,bb,2018-04-01,0.0,,,,
bb_2018_2018_05_10_pf_pf,treated,232432,20,colunar_denso,bb,2018-05-01,0.0,,,,
bb_2018_2018_05_10_pj,treated,1964,26,colunar_denso,bb,2018-05-01,0.0,,,,
bb_2018_2018_05_10_pj_pf,treated,413964,18,colunar_denso,bb,2018-05-01,0.0,,,,
bb_2018_2018_06_10_pf_pf,treated,234842,20,colunar_denso,bb,2018-06-01,0.0,,,,
bb_2018_2018_06_10_pj,treated,1972,26,colunar_denso,bb,2018-06-01,0.0,,,,
bb_2018_2018_06_10_pj_pf,treated,429472,18,colunar_denso,bb,2018-06-01,0.0,,,,
bb_2018_2018_07_03_pf_pf,treated,236850,20,colunar_denso,bb,2018-07-01,0.0,,,,
bb_2018_2018_07_03_pj,treated,1960,26,colunar_denso,bb,2018-07-01,0.0,,,,
bb_2018_2018_07_03_pj_pf,treated,436298,18,colunar_denso,bb,2018-07-01,0.0,,,,
bb_2018_2018_07_03_pnhr_04072018,treated,1998,25,colunar_denso,bb,2018-07-01,0.004004004004004004,,,,
bb_2018_2018_08_06_pj,treated,1962,26,colunar_denso,bb,2018-08-01,0.0,,,,
bb_2018_2018_08_06_pj_pf,treated,439992,18,colunar_denso,bb,2018-08-01,0.0,,,,
bb_2018_2018_09_10_pf_pf,treated,242928,20,colunar_denso,bb,2018-09-01,0.0,,,,
bb_2018_2018_09_10_pj,treated,1968,26,colunar_denso,bb,2018-09-01,0.0,,,,
bb_2018_2018_09_10_pj_pf,treated,447388,18,colunar_denso,bb,2018-09-01,0.0,,,,
bb_2018_2018_10_01_pf_pf,treated,244860,20,colunar_denso,bb,2018-10-01,0.0,,,,
bb_2018_2018_10_01_pj,treated,1972,26,colunar_denso,bb,2018-10-01,0.0,,,,
bb_2018_2018_10_01_pj_pf,treated,453934,18,colunar_denso,bb,2018-10-01,0.0,,,,
bb_2018_2018_10_30_pf_pf,treated,247770,20,colunar_denso,bb,2018-10-01,5.0,,,,
bb_2018_2018_10_30_pj,treated,1980,26,colunar_denso,bb,2018-10-01,3.8461538461538463,,,,
bb_2018_2018_10_30_pj_pf,treated,463290,18,colunar_denso,bb,2018-10-01,5.555555555555555,,,,
bb_2019_2019_03_07_pf_pf,treated,256854,20,colunar_denso,bb,2019-03-01,0.0,,,,
bb_2019_2019_03_07_pj_pf,treated,2004,26,colunar_denso,bb,2019-03-01,0.0,,,,
bb_2019_2019_05_07_2019_05_07_pj,treated,2008,25,colunar_denso,bb,2019-05-01,0.6334661354581673,,,,
bb_2019_2019_05_07_pf_pf,treated,261114,19,colunar_denso,bb,2019-05-01,0.0,,,,
bb_2019_2019_05_07_pj_pf,treated,482750,17,colunar_denso,bb,2019-05-01,0.0,,,,
caixa_001_2009_10_outubro_2009_pmcmv_08_10_2009___caixa,treated,23,13,sub_tabelas_3,caixa,2009-10-01,36.78929765886287,,,,
caixa_001_2009_12_dezembro_2009_pmcmv_24_12_2009_parte2,treated,19013,18,colunar_denso,caixa,2009-12-01,31.38174465424242,,,,
caixa_001_2010_06___junho_2010_contratação30062010,treated,4450,13,agregado_uf,caixa,2010-06-01,13.763180639585135,,,,
caixa_001_2010_08___agosto_2010_municípios_contratados_1308,treated,58,13,sub_tabelas_3,caixa,2010-08-01,30.76923076923077,,,,
caixa_001_2010_09___setembro_2010_pmcmv06092010_desligados,treated,5354,13,colunar_denso,caixa,2010-09-01,0.7212436424240682,,,,
caixa_001_2011_06_junho_presidencia,treated,11128,21,colunar_denso,caixa,2011-06-01,0.0,,,,
caixa_001_2011_07_julho_presidencia_automatizado_01082011,treated,11128,21,colunar_denso,caixa,2011-07-01,0.0,,,,
caixa_001_2011_08_agosto_demanda_mc_far_pmcmv,treated,2610,24,colunar_denso,caixa,2011-08-01,1.583652618135377,,,,
caixa_001_2011_08_agosto_presidencia_automatizado_mcmvii_082011,treated,11128,21,colunar_denso,caixa,2011-08-01,0.0,,,,
caixa_001_2011_11_novembro_relat_rio_executivo_mcid_21_11_11,treated,13684,14,agregado_uf,caixa,2011-11-01,0.032363135257025936,,,,
caixa_001_2012_04_abril_2012_04_18_5b1_base_empreend_contratado,treated,7954,30,colunar_denso,caixa,2012-04-01,4.391082055150449,,,,
caixa_001_2012_04_abril_2012_04_18_5b_empreend_contratado,treated,6272,34,colunar_denso,caixa,2012-04-01,7.207570528211285,,,,
caixa_001_2012_04_abril_2012_04_18_5c1__base_contrata__o_pf,treated,30184,23,colunar_denso,caixa,2012-04-01,0.1377061270583897,,,,
caixa_001_2012_04_abril_2012_04_18_rural_18042012,treated,2884,9,event_level,caixa,2012-04-01,0.0,,,,
caixa_001_2012_04_abril_2012_04_30_ajustada_caixa_5d_base_bext,treated,6942,18,colunar_denso,caixa,2012-04-01,0.0,,,,
caixa_001_2012_04_abril_validacao_1604_1804,treated,6210,26,colunar_denso,caixa,2012-04-01,0.0,,,,
caixa_001_2012_05_maio_5b1__base_empreend_contratado,treated,7954,33,colunar_denso,caixa,2012-05-01,3.9941786484406547,,,,
caixa_001_2012_07_julho_bases_relatório_executivo_24_07_12,error,0,0,sub_tabelas_4,,,0.0,,,,"(psycopg2.errors.DuplicateColumn) column ""programa_minha_casa_minha_vida_pmcmv_1_posicao_de_contratacao_e"" specified more than once

[SQL: 
CREATE TABLE dados_historicos_formatados.caixa_001_2012_07_julho_bases_relat_rio_executivo_24_07_12 (
	pmcmv_2_2012_07_24_00_00_00_estagio_de_execucao TEXT, 
	pmcmv_2_2012_07_24_00_00_00_estagio_de_execucao_1 TEXT, 
	pmcmv_2_2012_07_24_00_00_00_estagio_de_execucao_2 TEXT, 
	pmcmv_2_2012_07_24_00_00_00_estagio_de_execucao_3 TEXT, 
	pmcmv_2_2012_07_24_00_00_00_estagio_de_execucao_4 TEXT, 
	pmcmv_2_2012_07_24_00_00_00_subsidio_r TEXT, 
	pmcmv_2_2012_07_24_00_00_00_valor_emprestimo_r FLOAT(53), 
	pmcmv_2_contratacoes_uh TEXT, 
	pmcmv_2_contratacoes_uh_1 TEXT, 
	pmcmv_2_modalidade TEXT, 
	pmcmv_2_posicao_de_contratacao_e_entrega_contratacoes_uh TEXT, 
	pmcmv_2_posicao_de_contratacao_e_entrega_contratacoes_uh_1 TEXT, 
	pmcmv_2_posicao_de_contratacao_e_entrega_subsidio_r TEXT, 
	pmcmv_total_2012_07_24_00_00_00_estagio_de_execucao FLOAT(53), 
	pmcmv_total_2012_07_24_00_00_00_estagio_de_execucao_1 FLOAT(53), 
	pmcmv_total_2012_07_24_00_00_00_estagio_de_execucao_2 FLOAT(53), 
	pmcmv_total_2012_07_24_00_00_00_estagio_de_execucao_3 FLOAT(53), 
	pmcmv_total_2012_07_24_00_00_00_estagio_de_execucao_4 FLOAT(53), 
	pmcmv_total_2012_07_24_00_00_00_subsidio_r FLOAT(53), 
	pmcmv_total_2012_07_24_00_00_00_valor_emprestimo_r FLOAT(53), 
	pmcmv_total_contratacoes_uh FLOAT(53), 
	pmcmv_total_contratacoes_uh_1 FLOAT(53), 
	pmcmv_total_modalidade TEXT, 
	pmcmv_total_posicao_de_contratacao_e_entrega_contratacoes_uh FLOAT(53), 
	pmcmv_total_posicao_de_contratacao_e_entrega_contratacoes_uh_1 FLOAT(53), 
	pmcmv_total_posicao_de_contratacao_e_entrega_subsidio_r FLOAT(53), 
	programa_minha_casa_minha_vida_pmcmv_1_2012_07_24_00_00_00 TEXT, 
	programa_minha_casa_minha_vida_pmcmv_1_2012_07_24_00_00_00_1 TEXT, 
	programa_minha_casa_minha_vida_pmcmv_1_2012_07_24_00_00_00_2 TEXT, 
	programa_minha_casa_minha_vida_pmcmv_1_2012_07_24_00_00_00_3 TEXT, 
	programa_minha_casa_minha_vida_pmcmv_1_2012_07_24_00_00_00_4 TEXT, 
	programa_minha_casa_minha_vida_pmcmv_1_2012_07_24_00_00_00_5 TEXT, 
	programa_minha_casa_minha_vida_pmcmv_1_2012_07_24_00_00_00_6 TEXT, 
	programa_minha_casa_minha_vida_pmcmv_1_municipio TEXT, 
	programa_minha_casa_minha_vida_pmcmv_1_municipio_1 TEXT, 
	programa_minha_casa_minha_vida_pmcmv_1_municipio_2 TEXT, 
	programa_minha_casa_minha_vida_pmcmv_1_posicao_de_contratacao_e_entrega TEXT, 
	programa_minha_casa_minha_vida_pmcmv_1_posicao_de_contratacao_e_entrega_1 TEXT, 
	programa_minha_casa_minha_vida_pmcmv_1_posicao_de_contratacao_e_entrega_2 TEXT, 
	programa_minha_casa_minha_vida_uf_municipio TEXT, 
	renda TEXT, 
	sub_table_index BIGINT, 
	source_table TEXT, 
	report_date TEXT, 
	institution TEXT, 
	profile TEXT
)

]
(Background on this error at: https://sqlalche.me/e/20/f405)"
caixa_001_2012_07_julho_bases_relatório_executivo_31072012_v2,treated,16436,40,colunar_denso,caixa,2012-07-01,4.724081284984181,,,,
caixa_001_2012_07_julho_bases_relatório_executivo_31_07_12,treated,16408,40,colunar_denso,caixa,2012-07-01,4.72056313993174,,,,
caixa_001_2012_08_agosto_base_pf_e_pj_06_08_12,treated,16524,40,colunar_denso,caixa,2012-08-01,4.735536189784556,,,,
caixa_001_2012_08_agosto_base_pf_e_pj_14_08_12,treated,16800,40,colunar_denso,caixa,2012-08-01,4.80327380952381,,,,
caixa_001_2012_08_agosto_base_pf_e_pj_20_08_12,treated,16984,40,colunar_denso,caixa,2012-08-01,4.816297691945361,,,,
caixa_001_2012_08_agosto_base_pf_e_pj_24_08_12,treated,17038,40,colunar_denso,caixa,2012-08-01,4.81864068552647,,,,
caixa_001_2012_08_agosto_bases_relatório_executivo_31_08_12,treated,17220,40,colunar_denso,caixa,2012-08-01,4.8254936120789775,,,,
caixa_001_2012_09_setembro_bases_relatório_executivo_10_09_12,treated,17408,40,colunar_denso,caixa,2012-09-01,4.862419577205882,,,,
caixa_001_2012_09_setembro_bases_relatório_executivo_15_09_12,treated,17566,40,colunar_denso,caixa,2012-09-01,4.8850051235341,,,,
caixa_001_2012_09_setembro_bases_relatório_executivo_26092012,treated,17744,40,colunar_denso,caixa,2012-09-01,4.92617222723174,,,,
caixa_001_2012_09_setembro_bases_relatório_executivo_30092012,treated,18016,40,colunar_denso,caixa,2012-09-01,5.047735346358792,,,,
caixa_001_2012_10_outubro_bases_relatório_executivo_31102012,treated,18738,40,colunar_denso,caixa,2012-10-01,4.99626427580318,,,,
caixa_001_2012_11_novembro_bases_relat_rio_executivo_12112012,treated,19036,40,colunar_denso,caixa,2012-11-01,5.045440218533305,,,,
caixa_001_2012_11_novembro_bases_relatório_executivo_28112012,treated,19398,38,colunar_denso,caixa,2012-11-01,1.3547245782256445,,,,
caixa_001_2012_12_dezembro_bases_relatório_executivo_21122012,treated,20092,38,colunar_denso,caixa,2012-12-01,5.403302702306234,,,,
caixa_001_2012_12_dezembro_bases_relatório_executivo_31122012,treated,20904,40,colunar_denso,caixa,2012-12-01,5.157625334864141,,,,
caixa_001_2013_01___janeiro_bases_relatório_executivo_31012013,treated,21308,40,colunar_denso,caixa,2013-01-01,5.207433827670359,,,,
caixa_001_2013_02___fevereiro_propostas_base_far,treated,1928,14,colunar_denso,caixa,2013-02-01,8.958209839952579,,,,
caixa_001_2013_03___março_bases_relat_rio_executivo_28032013,treated,22602,40,colunar_denso,caixa,2013-03-01,5.378063888151491,,,,
caixa_001_2013_03___março_bases_relatório_executivo_15032013,treated,22082,40,colunar_denso,caixa,2013-03-01,5.236618059958338,,,,
caixa_001_2013_04___abril_bases_relatório_executivo_30042013,treated,23046,40,colunar_denso,caixa,2013-04-01,5.2861667968411,,,,
caixa_001_2013_05___maio_bases_relat_rio_executivo_150513,treated,23314,40,colunar_denso,caixa,2013-05-01,5.309041777472763,,,,
caixa_001_2013_12___dezembro_bases_relat_rio_executivo,treated,29888,40,colunar_denso,caixa,2013-12-01,4.997490631691648,,,,
caixa_001_2014_11_novembro_bases_relatório_executivo_15112014,treated,35188,40,colunar_denso,caixa,2014-11-01,5.270262589519154,,,,
caixa_001_2014_11_novembro_bases_relatório_executivo_30112014,treated,35532,40,colunar_denso,caixa,2014-11-01,5.290723854553642,,,,
caixa_001_2015_01_janeiro_bases_relatório_executivo_31012015,treated,36597,39,colunar_denso,caixa,2015-01-01,7.618250900487149,,,,
caixa_001_2015_02_fevereiro_bases_relatório_executivo_28022015,treated,36705,39,colunar_denso,caixa,2015-02-01,7.625035365125271,,,,
caixa_001_2015_03_marco_bases_relatório_executivo_31032015,treated,36883,39,colunar_denso,caixa,2015-03-01,7.6346756931308075,,,,
caixa_001_2015_04_abril_bases_relatório_executivo_30042015,treated,36882,39,colunar_denso,caixa,2015-04-01,7.979988848705295,,,,
caixa_001_2015_04_abril_bases_relatório_executivo_30042015_v2,treated,37096,39,colunar_denso,caixa,2015-04-01,7.999756695033813,,,,
caixa_001_2015_05_maio_bases_relat_rio_executivo_31052015,treated,37331,38,colunar_denso,caixa,2015-05-01,8.199196660317586,,,,
caixa_001_2015_06_junho_bases_relatório_executivo_30062015,treated,37603,38,colunar_denso,caixa,2015-06-01,8.197974125804631,,,,
caixa_001_2015_06_junho_bext_30062015,treated,505104,27,colunar_denso,caixa,2015-06-01,0.0,,,,
caixa_001_2015_07_julho_bases_relatório_executivo_31072015,treated,37977,39,colunar_denso,caixa,2015-07-01,8.02442503998709,,,,
caixa_001_2015_07_julho_min_cidades_pf_pf,treated,153170,20,colunar_denso,caixa,2015-07-01,0.0,,,,
caixa_001_2015_07_julho_min_cidades_pj,treated,1992,25,colunar_denso,caixa,2015-07-01,0.0,,,,
caixa_001_2015_07_julho_min_cidades_pj_pf,treated,213794,18,colunar_denso,caixa,2015-07-01,0.0,,,,
caixa_001_2015_10_outubro_bases_relatório_executivo_31102015,treated,38635,39,colunar_denso,caixa,2015-10-01,7.972975215113173,,,,
caixa_001_2015_10_outubro_bext_31102015,treated,526740,27,colunar_denso,caixa,2015-10-01,0.0,,,,
caixa_001_2015_11_novembro_bases_relatório_executivo_30112015,treated,38897,39,colunar_denso,caixa,2015-11-01,7.953813589209635,,,,
caixa_001_2015_datas_entregas_pj_mcmv_30062015,treated,98955,6,lookup,caixa,,16.666666666666664,,,,
caixa_001_2016_02_fevereiro_relatorio_cidades_20160229_v2,treated,533706,27,colunar_denso,caixa,2016-02-01,0.0,,,,
caixa_001_2016_bases_relatório_executivo_30042016,treated,40053,45,colunar_denso,caixa,,19.45827334337558,,,,
caixa_001_2016_bext_30042016,treated,548374,27,colunar_denso,caixa,,3.7037037037037033,,,,
caixa_001_2016_bext_31102016,discarded,0,0,vazia,caixa,,0.0,0,0,0,
caixa_001_2016_grafico_mcmv_31082016,treated,4,7,sub_tabelas_3,caixa,,14.285714285714285,,,,
caixa_001_2017_contratação_por_uf_nov_2017,treated,225,12,colunar_denso,caixa,,8.333333333333332,,,,
caixa_002_2015_07_julho_bext_31072015,treated,510334,27,colunar_denso,caixa,2015-07-01,0.0,,,,
caixa_002_2015_08_agosto_bases_relatório_executivo_12082015,treated,37997,39,colunar_denso,caixa,2015-08-01,8.020336288357448,,,,
caixa_002_2015_08_agosto_bases_relatório_executivo_31082015,treated,38245,39,colunar_denso,caixa,2015-08-01,8.018209184374696,,,,
caixa_002_2015_12_dezembro_bases_relatório_executivo_31122015,treated,39199,39,colunar_denso,caixa,2015-12-01,7.950098151378797,,,,
caixa_002_2015_12_dezembro_bext_31122015,treated,531575,26,colunar_denso,caixa,2015-12-01,0.00004341235588,,,,
caixa_002_2016_08_agosto_bases_relatório_executivo_31082016,treated,42055,45,colunar_denso,caixa,2016-08-01,13.547233120648885,,,,
caixa_002_2016_bases_relatório_executivo_31122016,treated,42671,45,colunar_denso,caixa,,17.52181419074625,,,,
caixa_002_2016_bext_31122016,treated,565557,26,colunar_denso,caixa,,3.846194650039356,,,,
caixa_002_2017_bases_relat_rio_executivo_abr2017,treated,43343,45,colunar_denso,caixa,,15.500388374900984,,,,
caixa_002_2017_bases_relat_rio_executivo_ago2017,treated,44755,45,colunar_denso,caixa,,15.554562494569199,,,,
caixa_002_2017_bases_relat_rio_executivo_fev2017,treated,42861,45,colunar_denso,caixa,,15.512626085874492,,,,
caixa_002_2017_bases_relatório_executivo_dez17,treated,47883,45,colunar_denso,caixa,,15.46069470259684,,,,
caixa_002_2017_bext_abr2017,treated,569426,27,colunar_denso,caixa,,3.7037037037037033,,,,
caixa_002_2017_bext_ago2017,treated,578078,27,colunar_denso,caixa,,3.7037037037037033,,,,
caixa_002_2017_bext_dez17,treated,584348,27,colunar_denso,caixa,,3.7037037037037033,,,,
caixa_002_2017_bext_fev2017,treated,567468,27,colunar_denso,caixa,,3.7037037037037033,,,,
caixa_002_2018_bases_relat_rio_executivo_abr2018,treated,51145,45,colunar_denso,caixa,,17.3978992189961,,,,
caixa_002_2018_bases_relat_rio_executivo_abr2018_v2,treated,51145,45,colunar_denso,caixa,,15.771673129772651,,,,
caixa_002_2018_bases_relat_rio_executivo_jun2018,treated,51957,45,colunar_denso,caixa,,15.67360188874133,,,,
caixa_002_2018_bases_relat_rio_executivo_mai2018,treated,51545,45,colunar_denso,caixa,,15.714984749032668,,,,
caixa_002_2018_bases_relat_rio_executivo_mar18,treated,49153,45,colunar_denso,caixa,,15.401840511599834,,,,
caixa_002_2018_bases_relatório_executivo_ago2018,treated,52839,45,colunar_denso,caixa,,14.174000264955808,,,,
caixa_002_2018_bext_abr18,treated,590228,27,colunar_denso,caixa,,3.7037037037037033,,,,
caixa_002_2018_bext_ago18,treated,600794,27,colunar_denso,caixa,,3.7037037037037033,,,,
caixa_002_2018_bext_jun18,treated,594684,27,colunar_denso,caixa,,3.7037037037037033,,,,
caixa_002_2018_bext_mai18,treated,592670,27,colunar_denso,caixa,,3.7037037037037033,,,,
caixa_002_2018_bext_mar18,treated,587988,27,colunar_denso,caixa,,3.7037037037037033,,,,
caixa_002_2018_novo_relat_rio_executivo,discarded,0,0,dados_sem_utilidade,caixa,,0.0,0,0,0,
caixa_003_2017_bases_relat_rio_executivo_31012017,treated,42819,45,colunar_denso,caixa,,14.547488005065249,,,,
caixa_003_2017_bases_relat_rio_executivo_jul2017,treated,44357,45,colunar_denso,caixa,,15.550946487213594,,,,
caixa_003_2017_bases_relat_rio_executivo_jun2017,treated,43741,45,colunar_denso,caixa,,15.481279958543853,,,,
caixa_003_2017_bases_relat_rio_executivo_mai2017,treated,43689,45,colunar_denso,caixa,,15.517305398511194,,,,
caixa_003_2017_bases_relat_rio_executivo_mar2017,treated,42989,45,colunar_denso,caixa,,15.494041111292036,,,,
caixa_003_2017_bases_relat_rio_executivo_nov17,treated,47523,45,colunar_denso,caixa,,15.465400379231578,,,,
caixa_003_2017_bext_jan_2017,treated,567468,27,colunar_denso,caixa,,3.7037037037037033,,,,
caixa_003_2017_bext_jul2017,treated,569426,27,colunar_denso,caixa,,3.7037037037037033,,,,
caixa_003_2017_bext_mai2017,treated,569426,27,colunar_denso,caixa,,3.7037037037037033,,,,
caixa_003_2017_bext_mar2017,treated,569426,27,colunar_denso,caixa,,3.7037037037037033,,,,
caixa_003_2017_bext_out2017,treated,583308,27,colunar_denso,caixa,,3.7037037037037033,,,,
ecente_2024_07_snh_pmcmv_dados_prioritarios_af_bb_vs02_correcao,treated,2576,39,colunar_denso,unknown,2024-07-01,15.117853161331421,,,,
elatorio_executivo_31102014_bases_relatório_executivo_31102014,treated,34270,40,colunar_denso,unknown,,7.6771228479719875,,,,
historico_recente_202406_snh_pmcmv_dados_prioritarios_af_bb,treated,2576,37,colunar_denso,unknown,,13.389709585361759,,,,
historico_recente_202406_snh_pmcmv_dados_prioritarios_af_caixa,treated,24392,28,colunar_denso,unknown,,15.894555591997376,,,,
historico_recente_202407_snh_pmcmv_dados_prioritarios_af_caixa,treated,24452,30,colunar_denso,unknown,,21.501172364905393,,,,
historico_recente_202409_snh_pmcmv_dados_prioritarios_af_caixa,treated,24922,30,colunar_denso,unknown,,24.02535912045582,,,,
historico_recente_202410_snh_pmcmv_dados_prioritarios_af_caixa,treated,25710,37,colunar_denso,unknown,,14.069191712132204,,,,
historico_recente_202411_snh_pmcmv_dados_prioritarios_af_bb,treated,2576,41,colunar_denso,unknown,,23.420693834267535,,,,
historico_recente_202411_snh_pmcmv_dados_prioritarios_af_caixa,treated,25328,44,colunar_denso,unknown,,16.006001263423876,,,,
historico_recente_202412_snh_pmcmv_dados_prioritarios_af_caixa,treated,25668,44,colunar_denso,unknown,,12.92837207984473,,,,
historico_recente_2024_10_snh_pmcmv_dados_prioritarios_af_bb,treated,2576,39,colunar_denso,unknown,2024-10-01,17.755613951266124,,,,
historico_recente_202501_snh_pmcmv_dados_prioritarios_af_caixa,treated,25888,44,colunar_denso,unknown,,13.983839476345658,,,,
historico_recente_202502_snh_pmcmv_dados_prioritarios_af_caixa,treated,26072,44,colunar_denso,unknown,,12.444036095846467,,,,
historico_recente_202503_snh_pmcmv_dados_prioritarios_af_bb,treated,2576,39,colunar_denso,unknown,,19.505494505494507,,,,
historico_recente_202503_snh_pmcmv_dados_prioritarios_af_caixa,treated,26288,44,colunar_denso,unknown,,12.342824932219333,,,,
historico_recente_202504_snh_pmcmv_dados_prioritarios_af_caixa,treated,26704,44,colunar_denso,unknown,,10.799369519036984,,,,
historico_recente_202505_snh_pmcmv_dados_prioritarios_af_bb,treated,2576,39,colunar_denso,unknown,,19.505494505494507,,,,
historico_recente_202505_snh_pmcmv_dados_prioritarios_af_caixa,treated,27308,44,colunar_denso,unknown,,8.369175865880129,,,,
historico_recente_202506_snh_pmcmv_dados_prioritarios_af_bb,treated,2576,39,colunar_denso,unknown,,19.485586876891226,,,,
historico_recente_202506_snh_pmcmv_dados_prioritarios_af_caixa,treated,27718,44,colunar_denso,unknown,,8.434788027471482,,,,
historico_recente_202507_snh_pmcmv_dados_prioritarios_af_bb,treated,2576,39,colunar_denso,unknown,,19.603041885650583,,,,
historico_recente_202507_snh_pmcmv_dados_prioritarios_af_caixa,treated,28038,45,colunar_denso,unknown,,10.473246625611274,,,,
historico_recente_202508_snh_pmcmv_dados_prioritarios_af_bb,treated,2576,39,colunar_denso,unknown,,19.5970695970696,,,,
historico_recente_202508_snh_pmcmv_dados_prioritarios_af_caixa,treated,28532,45,colunar_denso,unknown,,10.566537377136004,,,,
historico_recente_202509_snh_pmcmv_dados_prioritarios_af_bb,treated,2576,39,colunar_denso,unknown,,19.612995699952222,,,,
historico_recente_202509_snh_pmcmv_dados_prioritarios_af_caixa,treated,29042,45,colunar_denso,unknown,,10.59461775665894,,,,
historico_recente_202510_snh_pmcmv_dados_prioritarios_af_bb,treated,2576,39,colunar_denso,unknown,,19.565217391304348,,,,
historico_recente_202510_snh_pmcmv_dados_prioritarios_af_caixa,treated,29624,45,colunar_denso,unknown,,10.530650823656494,,,,
historico_recente_202511_snh_pmcmv_dados_prioritarios_af_caixa,treated,29686,45,colunar_denso,unknown,,10.57887369279945,,,,
historico_recente_202512_snh_pmcmv_dados_prioritarios_af_bb,treated,2576,39,colunar_denso,unknown,,19.575171205605987,,,,
historico_recente_202512_snh_pmcmv_dados_prioritarios_af_caixa,treated,29826,45,colunar_denso,unknown,,8.402810374244693,,,,
historico_recente_2025_01_snh_pmcmv_dados_prioritarios_af_bb,treated,2576,41,colunar_denso,unknown,2025-01-01,20.97598848659294,,,,
historico_recente_202601_snh_pmcmv_dados_prioritarios_af_bb,treated,2576,39,colunar_denso,unknown,,19.569198917025005,,,,
historico_recente_202601_snh_pmcmv_dados_prioritarios_af_caixa,treated,29846,45,colunar_denso,unknown,,8.224143194323453,,,,
historico_recente_202602_snh_pmcmv_dados_prioritarios_af_bb,treated,2576,39,colunar_denso,unknown,,19.571189679885332,,,,
historico_recente_202602_snh_pmcmv_dados_prioritarios_af_caixa,treated,29866,45,colunar_denso,unknown,,8.208218933458337,,,,
historico_recente_202603_snh_pmcmv_dados_prioritarios_af_bb,treated,2576,39,colunar_denso,unknown,,19.55526357700271,,,,
historico_recente_202603_snh_pmcmv_dados_prioritarios_af_caixa,treated,29906,45,colunar_denso,unknown,,8.282990406978904,,,,
ixa_001_2012_01_janeiro_pmcmv_relatorio_executivo_13012012_base,treated,8006,14,colunar_denso,unknown,2012-01-01,0.0017843760037115019,,,,
ixa_001_2012_01_janeiro_pmcmv_relatorio_executivo_31012012_base,treated,8208,14,colunar_denso,unknown,2012-01-01,0.0,,,,
mbro_2009_relatorio_automatizado_31dez09final_com_base_valor_mc,treated,43,13,sub_tabelas_3,unknown,,45.97495527728086,,,,
o_recente_202406_snh_pmcmv_dados_prioritarios_af_caixa_entregas,treated,22566,10,event_level,caixa,,10.0,,,,
o_recente_202407_snh_pmcmv_dados_prioritarios_af_caixa_entregas,treated,22584,10,event_level,caixa,,16.457669146298265,,,,
o_recente_202408_snh_pmcmv_dados_prioritarios_af_caixa_entregas,treated,22604,11,event_level,caixa,,14.964366725117035,,,,
o_recente_202409_snh_pmcmv_dados_prioritarios_af_caixa_entregas,treated,22764,10,event_level,caixa,,16.454050254788264,,,,
o_recente_202410_snh_pmcmv_dados_prioritarios_af_caixa_entregas,treated,22778,10,event_level,caixa,,16.45271753446308,,,,
o_recente_202411_snh_pmcmv_dados_prioritarios_af_caixa_entregas,treated,22634,10,event_level,caixa,,10.0,,,,
o_recente_202412_snh_pmcmv_dados_prioritarios_af_caixa_entregas,treated,22670,10,event_level,caixa,,16.464049404499338,,,,
o_recente_202501_snh_pmcmv_dados_prioritarios_af_caixa_entregas,treated,22692,10,event_level,caixa,,16.461307949938302,,,,
o_recente_202502_snh_pmcmv_dados_prioritarios_af_caixa_entregas,treated,22706,10,event_level,caixa,,16.463489826477584,,,,
o_recente_202504_snh_pmcmv_dados_prioritarios_af_caixa_entregas,treated,22730,10,event_level,caixa,,16.461944566652,,,,
o_recente_202505_snh_pmcmv_dados_prioritarios_af_caixa_entregas,treated,22744,10,event_level,caixa,,16.46236370031657,,,,
o_recente_202506_snh_pmcmv_dados_prioritarios_af_caixa_entregas,treated,22762,10,event_level,caixa,,16.46076794657763,,,,
o_recente_202507_snh_pmcmv_dados_prioritarios_af_caixa_entregas,treated,22766,10,event_level,caixa,,16.46138979179478,,,,
o_recente_202508_snh_pmcmv_dados_prioritarios_af_caixa_entregas,treated,22794,10,event_level,caixa,,16.457839782398878,,,,
o_recente_202509_snh_pmcmv_dados_prioritarios_af_caixa_entregas,treated,22818,10,event_level,caixa,,16.458935927776317,,,,
o_recente_202510_snh_pmcmv_dados_prioritarios_af_caixa_entregas,treated,22844,10,event_level,caixa,,16.455086674838032,,,,
o_recente_202511_snh_pmcmv_dados_prioritarios_af_caixa_entregas,treated,22920,10,event_level,caixa,,16.464223385689355,,,,
o_recente_202512_snh_pmcmv_dados_prioritarios_af_caixa_entregas,treated,22982,10,event_level,caixa,,16.465929858149856,,,,
o_recente_202601_snh_pmcmv_dados_prioritarios_af_caixa_entregas,treated,23080,10,event_level,caixa,,16.474003466204508,,,,
o_recente_202602_snh_pmcmv_dados_prioritarios_af_caixa_entregas,treated,23094,10,event_level,caixa,,16.473542911578765,,,,
o_recente_202603_snh_pmcmv_dados_prioritarios_af_caixa_entregas,treated,23150,10,event_level,caixa,,16.476889848812096,,,,
storico_recente_2024_07_snh_pmcmv_dados_prioritarios_af_bb_vs02,treated,2576,39,colunar_denso,unknown,2024-07-01,15.20345596432553,,,,
xa_001_2012_04_abril_2012_04_18_5a_propostas_recebidas_18042012,treated,4402,14,colunar_denso,unknown,2012-04-01,0.0,,,,
